grid_id,row,col,price
40,38,38516.53616122741
40,39,38491.01268549926
40,40,35536.518326013735
41,38,29489.04176481515
41,39,41959.32384936603
41,40,33773.69239142301
41,41,26260.101162447645
42,37,39200.78151821263
42,38,31379.223252382806
42,39,34430.54288246644
42,40,28677.0972646413
42,41,30340.11403943163
42,42,28661.125133114067
43,37,38354.034062496576
43,38,35775.08028185251
43,39,46790.93939055472
43,40,36572.88981200238
43,41,34936.20933457457
43,42,33179.81786015375
43,43,40120.658428329436
44,30,26905.249193790038
44,31,42641.54707401981
44,32,39738.865234939185
44,33,40938.31446658715
44,34,43343.03377929607
44,35,33826.04279437365
44,36,46747.34396205735
44,37,48323.20855886215
44,38,40054.08131827259
44,39,39343.464426445564
44,40,40098.31732864882
44,41,45139.451878762884
44,42,40231.78653145386
44,43,35928.311840104565
44,44,52165.37671228913
45,30,40988.76702795419
45,31,38448.111415959946
45,32,42984.7233142858
45,33,31680.363736370193
45,34,45010.37204025976
45,35,34704.0816685677
45,36,34524.488095828885
45,37,34204.73813461598
45,38,39831.50642975366
45,39,44470.4386273064
45,40,33541.31824168028
45,41,44798.535866484606
45,42,33167.05385264041
45,43,35870.52538412196
45,44,37347.05880563971
46,30,30238.37981583847
46,31,39056.47830294348
46,32,41070.14709674472
46,33,43204.470906859555
46,34,43654.316148338614
46,35,33195.57121947241
46,36,44734.20708794624
46,37,34614.64616642866
46,38,36446.61951339429
46,39,39540.8435316137
46,40,40394.70706142089
46,41,35772.168231819385
46,42,35264.25235711604
46,43,34394.35815380471
46,44,42030.24904206993
46,45,48861.01087616195
46,46,57945.27036405963
46,47,49219.28621027448
46,48,54035.024205199676
46,49,37024.34844865805
46,50,44128.41565789323
46,51,45894.790345442016
46,52,50215.52088277702
46,53,57090.28893264408
47,30,31298.003188394385
47,31,34946.54132019139
47,32,39763.620207839376
47,33,32540.24851109529
47,34,39277.07166547226
47,35,33943.67938064182
47,36,31011.822363230913
47,37,40485.58279279553
47,38,41425.94254615361
47,39,42010.577183563255
47,40,41267.847941721775
47,41,36906.71004665049
47,42,37977.13997548059
47,43,34291.662144529604
47,44,41649.41461925187
47,45,50883.46807906274
47,46,53735.71032143972
47,47,51325.52891404703
47,48,54430.57132967186
47,49,39832.67693426322
47,50,54542.998800358
47,51,57272.19816181374
47,52,48874.63421282885
47,53,54432.24467605968
48,29,44589.48923296924
48,30,37043.77676552777
48,31,41760.43064995558
48,32,41589.05961526461
48,33,45359.79340108229
48,34,42143.39503062282
48,35,32141.82316040976
48,36,36274.89954947624
48,37,45218.804505132866
48,38,30457.3132107269
48,39,44709.03568240048
48,40,31041.620608974656
48,41,41442.71928349896
48,42,37782.98417262201
48,43,37952.023230905
48,44,48241.10784513132
48,45,49884.045756155516
48,46,52945.561458348384
48,47,48166.90510226646
48,48,52550.804714392536
48,49,38206.445815450286
48,50,47562.53397322935
48,51,41713.32810029109
48,52,49718.767382908634
48,53,50337.52627678176
49,26,40977.05764828545
49,29,38046.62272005437
49,30,40485.769027127055
49,31,42656.26218081254
49,32,43949.83643983762
49,33,48715.58183468398
49,34,46664.64839502645
49,35,36848.72908977717
49,36,45096.87192612204
49,37,44662.42641802632
49,38,39950.54592203672
49,39,43000.30574953968
49,40,34696.619450623366
49,41,42805.833057768425
49,42,39926.21440698089
49,43,39666.87725283176
49,44,53726.31913741496
49,45,47007.34781776688
49,46,52558.776606787724
49,47,48895.57568344192
49,48,53455.76156401606
49,49,40550.42076806669
49,50,57277.56086411505
49,51,48204.87814234602
49,52,51005.371554027835
49,53,52342.00177537431
50,25,47853.16911923876
50,26,35296.2963489012
50,27,33995.22911833612
50,28,35853.82719839638
50,29,44116.41341921587
50,30,35807.891047977304
50,31,37436.959399294385
50,32,41715.0545199506
50,33,46517.5039047837
50,34,43490.5154956197
50,35,36842.292691298
50,36,37727.4769423833
50,37,36375.66621039119
50,38,35862.45806113654
50,39,41091.98618140693
50,40,35563.80234716719
50,41,41963.50824048904
50,42,34316.18455314492
50,43,29375.571465579935
50,44,55776.065317961264
50,45,55203.607929659905
50,46,67189.97756822532
50,47,43338.18373871472
50,48,50990.51047358653
50,49,38033.71261525514
50,50,55659.9654357527
50,51,44463.72208012095
50,52,52204.63078694298
50,53,53071.65316918711
51,24,46941.88144436185
51,25,49403.264241418154
51,26,38527.88988738785
51,27,31891.31002486865
51,28,35237.9826178928
51,29,39031.90819809478
51,30,36455.4403387872
51,31,42932.99205529586
51,32,49217.05241670939
51,33,55685.47334560222
51,34,48373.893514781645
51,35,39475.13386964204
51,36,43823.45691946114
51,37,43996.10270678351
51,38,42229.47283809303
51,39,45012.30680649582
51,40,39484.1177154474
51,41,49589.519642235246
51,42,44654.74585956995
51,43,45420.03752140249
51,44,59523.2743300011
51,45,55655.85668740335
51,46,40305.88992955196
51,47,46846.67748673179
51,48,52213.73350030872
51,49,37712.28540306243
51,50,45738.553147755236
51,51,46406.969828615904
51,52,52934.820442176635
51,53,54291.83610545469
52,23,48952.58005340864
52,24,52381.861059794326
52,25,53055.27725678049
52,26,41542.91593450129
52,27,36372.48475613261
52,28,37636.75247934137
52,29,51038.35063473796
52,30,45180.05561737635
52,31,45488.4391297398
52,32,37585.34147547579
52,33,47852.557064790344
52,34,48277.01810029865
52,35,42608.964121975936
52,36,44637.25528215521
52,37,41884.05557676446
52,38,40216.17084579372
52,39,42584.36386934286
52,40,43413.464788009376
52,41,51043.40744104717
52,42,44538.152265399534
52,43,46078.783350653684
52,44,54986.44807727787
52,45,57009.64543253816
52,46,47406.53758050589
52,47,48630.11124326073
52,48,53264.141111652156
52,49,46042.40347541722
52,50,55492.99376679991
52,51,43569.40325654908
52,52,49688.84655436599
52,53,58419.52061300391
52,54,55477.07413327477
52,55,56145.67895680911
52,56,42449.17151235435
52,57,57082.843395070726
53,24,51584.18313933804
53,25,46562.38729050599
53,26,41980.92466293829
53,27,39452.48513165813
53,28,39122.249151368014
53,29,32090.148597189982
53,30,31034.307846567037
53,31,42300.29646447938
53,32,32530.126839821383
53,33,45293.34614330581
53,34,49515.01900201531
53,35,39242.08361959627
53,36,38010.54609992315
53,37,39596.171197301075
53,38,43601.382625033504
53,39,35928.19189160873
53,40,41431.399680193674
53,41,46994.70865420529
53,42,42484.176303555854
53,43,45408.470080535124
53,44,56931.144291156066
53,45,57829.46675938654
53,46,50204.96739060054
53,47,50220.772386550314
53,48,56155.16120946587
53,49,47051.14721329851
53,50,55862.5512060796
53,51,44503.19179197913
53,52,50179.92195423502
53,53,54275.140383159654
53,54,54764.81734670846
53,55,60835.32158433137
53,56,40023.999781322585
53,57,54802.83907286358
53,58,53104.58114329762
54,24,49050.869910386726
54,25,51375.22910227188
54,26,41498.56506345351
54,27,39327.784700858974
54,28,43833.27238431673
54,29,47669.35115522642
54,30,21817.21460479543
54,31,45155.71024037404
54,32,38775.94591934502
54,33,46827.04446006645
54,34,40676.215518227895
54,35,32518.16170982983
54,36,35789.664170711476
54,37,38770.804150302254
54,38,37675.08702014225
54,39,31156.321129332224
54,40,33739.26093329518
54,41,42746.079185416325
54,42,39773.56971173728
54,43,46321.818812903155
54,44,50402.17194385039
54,45,55976.695491805054
54,46,52690.62318669251
54,47,53070.993570653205
54,48,55745.36527232977
54,49,40671.64358945384
54,50,44653.69521080323
54,51,55995.802004732184
54,52,49029.3058755633
54,53,55185.958892814575
54,54,54677.12364396297
54,55,49231.25203079769
54,56,65626.15944210076
54,57,55426.11544519044
54,58,53790.17103261196
54,59,47424.606405707586
54,60,44875.064373189234
55,25,44961.54017627656
55,26,22455.755447024938
55,27,33407.328275359585
55,28,47319.767393716436
55,29,37489.33911359508
55,30,36359.53417087723
55,31,35845.09544107133
55,32,32909.363009101326
55,33,46129.35597522229
55,34,47783.476075368555
55,35,36328.058635693626
55,36,40169.276242103624
55,37,41151.53466599932
55,38,37559.59992859612
55,39,32521.055074561
55,40,34390.6349335745
55,41,47486.88625904088
55,42,40437.38802346395
55,43,45331.173231074994
55,44,51764.74310105019
55,45,54923.639248639076
55,46,52073.754629567185
55,47,54182.26597280622
55,48,55818.640067419576
55,49,43645.04379921879
55,50,52482.529574158616
55,51,57321.47467518888
55,52,49557.11383320264
55,53,52997.73205673945
55,54,54656.67640441397
55,55,61532.41221674604
55,56,59496.51498292891
55,57,51409.845614827515
55,58,53999.547448053716
55,59,49192.30609700161
55,60,44368.16608463063
55,61,46237.42901712131
56,25,43019.26814197022
56,26,30871.493220404845
56,27,29567.590070558923
56,28,45372.222409387505
56,29,47679.29593124218
56,30,46485.009482792026
56,31,47987.10889516644
56,32,42032.21788482787
56,33,47897.2590729957
56,34,45987.45065418241
56,35,37662.88699701002
56,36,34845.97741441374
56,37,41129.05298481142
56,38,39656.91383476006
56,39,36851.162481769934
56,40,42759.716985686835
56,41,48862.999908225305
56,42,43716.8211558036
56,43,44201.92232809086
56,44,52087.13261146201
56,45,54624.846379864495
56,46,51334.813442194456
56,47,53650.715222873885
56,48,55048.24033028564
56,49,39960.78670815215
56,50,50886.24633661039
56,51,45951.108873996534
56,52,49479.609147516836
56,53,49339.73077600157
56,54,55558.43637929661
56,55,52226.84944151723
56,56,57023.9240958396
56,57,54377.93672251522
56,58,52290.76023699957
56,59,46500.01714953447
56,60,43808.77555902006
56,61,43347.9816831136
56,62,45183.63941590444
56,63,49869.38628944856
57,26,45781.906680043
57,27,42203.74345247664
57,28,50908.35800607242
57,29,47948.82614078085
57,30,54408.572897475955
57,31,23645.752622546344
57,32,36424.79684043785
57,33,46498.869161500304
57,34,45262.72865820923
57,35,37533.88529388051
57,36,33172.00168792927
57,37,40153.799003844564
57,38,39273.137091093966
57,39,38376.19029430708
57,40,42277.61895361282
57,41,45123.3303437245
57,42,41758.79348885562
57,43,40862.661852039564
57,44,52086.283256762414
57,45,50975.28254239532
57,46,49249.72781988641
57,47,48221.23453745093
57,48,50233.13190365355
57,49,39049.8005097871
57,50,51802.221081610565
57,51,41838.56343725771
57,52,48437.879738399
57,53,51100.17712574249
57,54,48791.905967012
57,55,51479.85582480454
57,56,37480.30413151817
57,57,52327.38874205139
57,58,48500.824097169185
57,59,48028.72870361453
57,60,42582.57135638322
57,61,47195.73988114356
57,62,48343.043748702585
57,63,49193.11077549319
57,64,46181.29632947782
58,26,42126.38750102065
58,27,43450.92968312911
58,28,47857.54474172193
58,29,40503.15331026072
58,30,46264.752116432464
58,31,36326.08790167984
58,32,23445.07291024239
58,33,57073.62231912371
58,34,41692.68223945165
58,35,34903.099743794766
58,36,43413.8880390395
58,37,34745.93746184389
58,38,36468.059554547035
58,39,36144.39385912456
58,40,42848.47872886588
58,41,49580.16792540778
58,42,41415.65431032631
58,43,39470.62089129361
58,44,50358.57079947391
58,45,49895.86823742091
58,46,45281.277449294415
58,47,49075.95756818317
58,48,47584.36576656797
58,49,40952.47197582055
58,50,46361.30988121994
58,51,41204.95246024368
58,52,45838.00106548028
58,53,48095.09765387563
58,54,51262.6544852518
58,55,46793.18165130658
58,56,34371.276526865186
58,57,46049.00834788574
58,58,53803.42947595422
58,59,47339.45167010011
58,60,45852.988031441724
58,61,46509.53076900492
58,62,47973.916970922306
58,63,50544.994155340246
58,64,46821.6767368387
59,25,50300.774431580074
59,26,45317.96080664073
59,27,45290.46731188001
59,28,50876.87229713379
59,29,47959.436161500824
59,30,46226.052200193146
59,31,39636.45188145023
59,32,37203.22694285944
59,33,43983.23753737871
59,34,41056.30531474995
59,35,34770.80865746873
59,36,35531.24880866528
59,37,37529.51174617706
59,38,34424.15985997348
59,39,27404.775969275077
59,40,37534.554298714545
59,41,44166.066833296245
59,42,41923.86028608525
59,43,40686.64597360402
59,44,42574.78634800237
59,45,49218.29892029587
59,46,38516.14181600673
59,47,42535.067413615594
59,48,46207.047648169944
59,49,22774.07393127335
59,50,41441.76346379368
59,51,41489.62227125714
59,52,47578.089993008485
59,53,51472.259107551785
59,54,51077.51906998957
59,55,55793.80318665194
59,56,52518.44607084274
59,57,48265.22071884463
59,58,54641.14361793308
59,59,52662.805237021515
59,60,46101.64352735849
59,61,42793.85687199721
59,62,49134.57652457937
59,63,50388.430997441326
59,64,43009.39376474172
60,25,47691.48059797574
60,26,40690.0501412907
60,27,43220.65848176812
60,28,47696.02456229199
60,29,47218.39733242732
60,30,42983.28052801122
60,31,38850.54727828859
60,32,44986.85690614531
60,33,46543.2861067508
60,34,44846.31623621044
60,35,37401.04290979435
60,36,35743.999527732885
60,37,39116.61630210883
60,38,36655.45065528252
60,39,35616.95426366016
60,40,40464.56653927675
60,41,45175.00221220393
60,42,42553.31162088354
60,43,42160.25510596301
60,44,51921.9906939135
60,45,53460.98605753537
60,46,48473.926532931044
60,47,44850.91046753614
60,48,45247.38695962073
60,49,45251.73428092643
60,50,47651.97398547957
60,51,43551.31683722399
60,52,44400.45971187525
60,53,49584.61973855782
60,54,49224.12378447971
60,55,53014.30360290262
60,56,50899.34750097885
60,57,55062.53879138907
60,58,52969.71091503147
60,59,49028.428627932066
60,60,44334.31240273618
60,61,36353.26387512546
60,62,44093.80187674879
60,63,50327.81464924169
60,64,35299.636356243325
61,24,50444.43065657693
61,25,54302.48616971288
61,26,47728.93708662074
61,27,48920.97042855075
61,28,55081.91293811617
61,29,51135.61418294303
61,30,50580.757417242865
61,31,49338.59455760014
61,32,48010.33998444266
61,33,53197.5636839605
61,34,49309.76204180339
61,35,41823.268165259076
61,36,43923.23199980549
61,37,46985.79542987343
61,38,41310.799314568285
61,39,44479.74400191221
61,40,47775.783759580336
61,41,51454.12750118923
61,42,46875.9239681526
61,43,47898.72459560268
61,44,49574.70412312013
61,45,54906.39289701237
61,46,50806.285186596695
61,47,59740.11074542122
61,48,56024.36338615599
61,49,56284.89440184819
61,50,57506.306287784144
61,51,58027.76684905077
61,52,51571.899621518416
61,53,54827.02215687199
61,54,52328.09598484116
61,55,60669.428975788585
61,56,55509.494025485605
61,57,55489.76579685565
61,58,56465.77447565816
61,59,52685.18047039787
61,60,59898.970298928005
61,61,47601.908192690025
61,62,51067.8598714308
61,63,50206.118618434615
62,24,52533.47926510617
62,25,54179.25874940019
62,26,45345.69870747176
62,27,50486.88129615418
62,28,54254.45824916423
62,29,53417.295618318494
62,30,47368.87070773337
62,31,34764.662682664886
62,32,52503.89977764268
62,33,69235.56796930902
62,34,55202.61813443839
62,35,48297.63080773822
62,36,48070.555651272145
62,37,53603.89251239075
62,38,50137.688840040406
62,39,46904.36634286672
62,40,58343.537247622575
62,41,60206.392727438026
62,42,52885.549652520465
62,43,50566.31914207009
62,44,58729.65644564238
62,45,60735.93869861016
62,46,55938.51578207706
62,47,58378.3269542014
62,48,62349.37112713844
62,49,77309.75991511953
62,50,61171.83693628462
62,51,61429.95501588306
62,52,53519.498468070444
62,53,56793.2737034888
62,54,57155.657236919535
62,55,56407.50715895791
62,56,61103.51774244962
62,57,66142.2135957665
62,58,57451.13518443522
62,59,59595.54682603011
62,60,51117.47331970416
62,61,54633.313639581356
62,62,50064.01191281392
63,24,40182.4482320269
63,25,45592.37176106275
63,26,40919.09347446269
63,27,37139.74290962303
63,28,47096.123571705066
63,29,41030.43651064688
63,30,40945.003584536295
63,31,45899.350439299524
63,32,49816.178215138636
63,33,55166.48662966595
63,34,45816.25079156596
63,35,38556.86983300077
63,36,48986.673674699065
63,37,47460.05651142744
63,38,45227.56185291442
63,39,35475.175486774846
63,40,47603.1294799663
63,41,56830.35542665068
63,42,48239.938773357535
63,43,51534.85188056505
63,44,55679.2362858624
63,45,54368.550901112925
63,46,53983.3678291124
63,47,55635.060214471065
63,48,58080.88802835677
63,49,56540.16319001492
63,50,59272.321999238986
63,51,57349.19449528281
63,52,55458.12326889853
63,53,64750.34822793061
63,54,53075.198843276834
63,55,68279.09641001279
63,56,64296.64341697463
63,57,70082.02732930653
63,58,61568.038801662
63,59,61796.56849815854
63,60,57437.20930195562
63,61,55625.00756950194
63,62,48510.211684013164
64,25,43612.32558375824
64,26,32993.83183158802
64,27,36976.42018407653
64,28,41761.53439533598
64,29,39494.81221710581
64,30,41763.83912176032
64,31,37435.56925571653
64,32,39084.690747106964
64,33,44283.02982747416
64,34,40292.81330228066
64,35,24888.94949588211
64,36,43094.1187157779
64,37,44617.654872727726
64,38,42637.71935062329
64,39,46481.11520861465
64,40,49652.0355827285
64,41,51716.680629900875
64,42,46282.1122712413
64,43,49147.06943696503
64,44,58698.30759642861
64,45,55196.37212988789
64,46,53563.18904868178
64,47,56819.8206756457
64,48,54321.38247917524
64,49,49315.44826863585
64,50,53058.24635307681
64,51,55706.08285739099
64,52,52510.30139456946
64,53,45113.15147692673
64,54,49884.384000553975
64,55,57050.433643469325
64,56,57582.01496534162
64,57,61563.308790310366
64,58,47098.58313825142
64,59,37789.61782821998
64,60,28284.23115561976
64,61,56969.26361241677
64,62,47930.56585415413
65,27,44237.77259066687
65,28,51376.34371546928
65,29,46919.39357114744
65,30,46695.25251246686
65,31,43870.46826771533
65,32,48072.01835449348
65,33,54325.26639103942
65,34,47823.859819160556
65,35,49751.682416074415
65,36,53344.93305133544
65,37,49631.65159716101
65,38,47483.578359837746
65,39,41170.42638447225
65,40,52313.20195948135
65,41,54635.37041811009
65,42,49519.64256002949
65,43,51323.35764292783
65,44,54038.602902972605
65,45,56852.566677093746
65,46,54007.14227055149
65,47,62164.35452475029
65,48,58953.583999860704
65,49,53937.594884783735
65,50,56159.02834565913
65,51,57354.367848451424
65,52,56286.19278196858
65,53,45472.179474136065
65,54,52929.28796053227
65,55,57886.91445974574
65,56,61168.86768982725
65,57,71645.3160884088
65,58,56683.16134339618
65,59,49397.09145802472
65,60,51972.62013242953
65,61,44464.9206533462
65,62,48858.07720513924
66,30,42746.29668449526
66,31,37953.12212209171
66,32,55919.403676877555
66,33,57544.48578808534
66,34,41103.783258205505
66,35,54320.73329193278
66,36,60293.432515293156
66,37,54733.57274706111
66,38,53071.833300377926
66,39,50090.04454503721
66,40,56614.35790608671
66,41,58484.1015124457
66,42,53581.79437909873
66,43,56934.95195334007
66,44,60764.38786258112
66,45,60893.25591851154
66,46,57816.7538191105
66,47,64410.909114154834
66,48,64431.096775453196
66,49,56823.529305551376
66,50,60372.85959143222
66,51,63147.99453025103
66,52,64183.05246756042
66,53,55936.74488361265
66,54,56936.37972164163
66,55,64647.25838681708
66,56,70455.66541363
66,57,70080.72465559965
66,58,52975.45766319269
66,59,45304.350081670105
66,60,53579.37469346092
66,61,60116.04227229727
66,62,54737.73713129308
67,30,57176.71285749554
67,31,57253.5198175157
67,32,63515.23041453446
67,33,70872.96544840877
67,34,53720.85954896799
67,35,56042.83163277804
67,36,63837.76711459615
67,37,53630.56881693641
67,38,54676.15910327567
67,39,53829.82784318697
67,40,56599.749518876684
67,41,62305.380010443085
67,42,56537.62462491687
67,43,57651.92412213359
67,44,60136.785318347116
67,45,65988.6680092448
67,46,59628.46351577158
67,47,67009.84023647953
67,48,64885.34323824387
67,49,61079.850235749174
67,50,63524.175601705596
67,51,63897.946553150614
67,52,69154.68677950902
67,53,61530.80038659009
67,54,57809.806742087
67,55,64423.524958586684
67,56,74990.87333305652
67,57,68742.97606592102
67,58,51416.913227098055
67,59,46545.96063634861
67,60,54376.30576938609
67,61,44835.02782961087
67,62,47780.038084849366
68,29,56000.54246574357
68,30,54448.856909045564
68,31,51981.38024795214
68,32,50603.136152446474
68,33,53898.53287429354
68,34,53706.0067500951
68,35,57713.51280659171
68,36,54283.069136697384
68,37,49820.95904631705
68,38,49036.58636256532
68,39,45665.7094214866
68,40,51337.96879746848
68,41,54637.87625216246
68,42,50572.06686244752
68,43,53913.287178630555
68,44,56145.511124985394
68,45,62947.2425292185
68,46,54040.29470299183
68,47,64514.75117032477
68,48,63661.924569754854
68,49,56392.9061968201
68,50,60929.37775534365
68,51,60860.139207901375
68,52,68080.80532105567
68,53,50106.476097741324
68,54,58043.75334639895
68,55,65059.453793501736
68,56,59546.13433094009
68,57,62393.391277518036
68,58,57341.789351601845
68,59,43576.884980538045
68,60,33076.85790021287
68,61,39430.611418975655
68,62,45724.84877400293
69,29,52661.448481826235
69,30,52222.81708586159
69,31,49723.21025470463
69,32,53178.4410113581
69,33,61716.58532921016
69,34,54673.769645590255
69,35,54091.07285725033
69,36,56334.95957113794
69,37,46725.94985871195
69,38,42722.89797175992
69,39,44178.92840179771
69,40,49790.676088116605
69,41,53711.761510687786
69,42,48892.27335827332
69,43,45545.67743927161
69,44,55253.58550248289
69,45,61094.430253618906
69,46,55157.06853587051
69,47,61683.232080276895
69,48,61299.92102122454
69,49,55100.799792534104
69,50,57320.997122081644
69,51,60255.15352223163
69,52,62167.32979755799
69,53,41352.53398061155
69,54,49279.507306639
69,55,53183.89279957034
69,56,54368.260311088816
69,57,54637.80867337608
69,58,49440.33046333838
69,59,44133.394856472856
69,60,42382.648850511076
69,61,39433.71940436248
69,62,43874.253730930875
69,63,52912.078848489415
70,30,49110.80702340749
70,31,44882.89385916413
70,32,47206.767312895725
70,33,48379.99508790047
70,34,50935.590476626145
70,35,51418.53430356754
70,36,53869.358880408305
70,37,44746.66622744548
70,38,40399.84542198959
70,39,36010.84637829799
70,40,44078.209672717516
70,41,48338.212402102086
70,42,36351.44009698263
70,43,47237.8328577354
70,44,50052.1342532779
70,45,48865.04077747472
70,46,45522.73388727206
70,47,50905.93580119951
70,48,57027.24809829247
70,49,43165.72044637083
70,50,50954.537365126234
70,51,51913.93148255115
70,52,51314.46677818318
70,53,57095.567500942925
70,54,42926.2146796403
70,55,58924.76786065871
70,56,54462.26757047627
70,57,54728.76249275978
70,58,47532.00065551468
70,59,41789.75247422389
70,60,37871.230072326645
70,61,37239.16433822342
70,62,43257.66422126258
70,63,47252.7387611758
71,20,51107.190731784525
71,21,48778.18316802154
71,22,48088.08018453276
71,23,47243.477337922115
71,24,49293.089668188106
71,25,51280.17107808238
71,26,46670.155245177375
71,27,44038.37767250727
71,30,47890.40965369532
71,31,46131.39101766531
71,32,46884.89439279877
71,33,51811.04652544138
71,34,50409.152523392906
71,35,49875.31222525038
71,36,49032.56975115356
71,37,52121.62167325731
71,38,38186.55791038047
71,39,38680.88446187557
71,40,44553.04129402953
71,41,49445.83138707016
71,42,41834.33340755282
71,43,40302.831773942016
71,44,50599.76636440435
71,45,51045.08089767609
71,46,47679.81794833688
71,47,53369.64953962212
71,48,51576.33448047305
71,49,45164.92865258786
71,50,52602.37500223446
71,51,55062.39516088745
71,52,48757.06803670095
71,53,47718.75610751312
71,54,46717.602860027044
71,55,51723.62812713176
71,56,43028.206122374504
71,57,41251.29345705923
71,58,39880.55096447462
71,59,25779.712804353858
71,60,46005.57028808392
71,61,34947.03198934518
71,62,41982.09412870199
71,63,49720.946837971045
71,64,49714.68636338862
72,14,44358.14899710725
72,15,35781.184382064006
72,16,56760.903814414196
72,17,35241.55847081727
72,18,36315.89006060627
72,19,35157.51699339583
72,20,55299.009139433154
72,21,59043.4862355043
72,22,51407.05608057423
72,23,43755.42244776421
72,24,50006.437473129605
72,25,59794.25934523827
72,26,45527.6732029077
72,27,49614.265529344084
72,28,48177.629788047
72,29,42659.2620800404
72,30,56458.38082048051
72,31,50580.11513194529
72,32,39021.60590258709
72,33,47368.03559637911
72,34,51038.37932847164
72,35,48460.990068887135
72,36,39649.062215641
72,37,24164.985504408876
72,38,31851.71355563378
72,39,36424.42506893527
72,40,45571.92640085128
72,41,50015.882560167345
72,42,35775.87364345272
72,43,47107.10517254408
72,44,53853.45231604733
72,45,54378.63000402195
72,46,50550.18410971501
72,47,55740.57399700062
72,48,55793.41820100032
72,49,46725.09534312284
72,50,53024.16588390943
72,51,52295.34486946369
72,52,58415.65534299966
72,53,50554.26290424801
72,54,49631.399996138956
72,55,54486.302106300485
72,56,52814.92584185126
72,57,50770.729387191415
72,58,42402.5915420148
72,59,33457.86668930023
72,60,27465.085903191568
72,61,33859.8508110863
72,62,41694.449833629114
72,63,48826.148185516075
72,64,36406.51714173067
73,13,41278.74938435019
73,14,42919.12525149005
73,15,53928.10798034984
73,16,52186.78651940034
73,17,56105.61894059388
73,18,41520.50798028742
73,19,44630.8171223299
73,20,53844.37810324033
73,21,49710.57125375097
73,22,53111.23879772428
73,23,49824.00345860586
73,24,46987.340322335906
73,25,45148.230871782274
73,26,39508.339732982866
73,27,42339.763644721344
73,28,46787.622148022645
73,29,46819.7551877105
73,30,46889.74079621858
73,31,39933.6404998848
73,32,45537.88719784949
73,33,47434.82152741253
73,34,45631.94232375222
73,35,46100.64155149044
73,36,43835.717600932
73,37,38548.03882438005
73,38,37597.510529965955
73,39,36863.88496318014
73,40,49269.90025022201
73,41,54991.05497432996
73,42,51151.149087059435
73,43,52700.401547683636
73,44,59501.73318736864
73,45,57897.70553281401
73,46,55249.56112014085
73,47,59981.0065400568
73,48,60570.82231716148
73,49,54240.67001583792
73,50,56889.141174256634
73,51,63491.48926818863
73,52,63295.219455211234
73,53,53754.672614070005
73,54,48740.34868679195
73,55,55070.317014041335
73,56,43466.68971429347
73,57,51913.47341015293
73,58,40413.230149714975
73,59,38111.077466023584
73,60,27162.358136477855
73,61,33803.09700912748
73,62,41389.81368336411
73,63,47582.739038238564
73,64,38219.56213504649
73,65,45554.105210778056
74,13,54033.59303149819
74,14,49052.363229808776
74,15,47831.08660909248
74,16,48844.959068791635
74,17,52845.86341698011
74,18,47250.74593404892
74,19,47456.97506830594
74,20,54337.07524575388
74,21,52710.321562047524
74,22,51780.10777389315
74,23,51164.54352583076
74,24,49110.36336283182
74,25,49834.021324798436
74,26,41837.47896366259
74,27,41394.96433820038
74,28,48034.31009099754
74,29,45199.97335732879
74,30,45731.69913448933
74,31,42305.0700590629
74,32,46828.54919018431
74,33,52662.90771593829
74,34,49305.12769198464
74,35,49146.34782807285
74,36,42963.88965059306
74,37,40204.19693001107
74,38,39495.986448222444
74,39,40797.7114782648
74,40,47260.82342466388
74,41,50634.87963312132
74,42,53778.64689990234
74,43,50389.03631217891
74,44,55908.424777188135
74,45,50030.036928076144
74,46,53185.26468793837
74,47,58249.99525484185
74,48,53774.8851850384
74,49,51133.70462076676
74,50,58137.42468945729
74,51,53138.89680680279
74,52,45349.146639197075
74,53,59148.36977285528
74,54,54134.7555717921
74,55,62705.07818917763
74,56,44836.736224017994
74,57,41776.00783839009
74,58,39463.24138718224
74,59,32260.062621844372
74,60,36668.307139467106
74,61,32412.81391434756
74,62,41167.41378865295
74,63,48860.037011598
74,64,42872.54111720759
74,65,33352.83818765878
74,66,45650.79010350826
74,67,49568.56112770851
75,12,41411.69505270949
75,13,41010.291926042264
75,14,41526.657930998656
75,15,42725.2851031159
75,16,40519.45964616369
75,17,42193.44150170222
75,18,39953.386820661886
75,19,43288.770838630364
75,20,46481.83150027684
75,21,48886.94105198702
75,22,41922.53257742112
75,23,43723.92998647788
75,24,44660.06513771207
75,25,45086.70721710936
75,26,31056.97931341988
75,27,49180.87636323822
75,28,50246.06468350068
75,29,45012.81453711316
75,30,52461.26603029179
75,31,46324.71507331491
75,32,48241.55252944889
75,33,52782.15407277331
75,34,56694.5048089995
75,35,49812.600643997896
75,36,45690.90230388008
75,37,47508.713478672595
75,38,35220.798536547154
75,39,59817.715651462335
75,40,53462.64597911429
75,41,53932.472619796994
75,42,58341.609701503585
75,43,54773.71727045835
75,44,58345.14008461818
75,45,56507.32314401176
75,46,56022.49327808785
75,47,59944.6798917805
75,48,59173.62428429188
75,49,44402.02563241421
75,50,48093.40276186504
75,51,54246.7583291575
75,52,47154.98580070268
75,53,52975.13716982713
75,54,53989.848265865374
75,55,46535.53394631957
75,56,45860.25331680674
75,57,46427.86287528439
75,58,41490.754239314825
75,59,34521.84846210243
75,60,30238.691878020534
75,61,33350.535747007685
75,62,40914.028262385065
75,63,47701.51977726147
75,64,41151.87617123456
75,65,50015.80936608707
75,66,49059.07561387977
75,67,44140.89712833776
75,68,43291.48142371471
76,11,48284.22921314161
76,12,47240.01541467226
76,13,51802.0386999695
76,14,52028.23549193822
76,15,46246.48946668381
76,16,51679.99568307138
76,17,50018.483726187966
76,18,46645.746934464136
76,19,47851.76157007962
76,20,55290.415649781055
76,21,52850.118656844636
76,22,50926.11651766513
76,23,50203.761358513344
76,24,51524.54310484021
76,25,55876.00936202836
76,26,56574.88618225828
76,27,53323.25758072742
76,28,53872.86690483395
76,29,47200.41075957395
76,30,46949.36855746765
76,31,43469.388973442416
76,32,48349.908304109245
76,33,55803.39007723197
76,34,45012.209194137686
76,35,52863.29688618797
76,36,55974.362214333916
76,37,49524.16413301777
76,38,50608.71715217237
76,39,52453.74263092611
76,40,53196.55308991915
76,41,57072.82439563148
76,42,58983.44927934381
76,43,50143.93019558683
76,44,57516.74234661059
76,45,57729.4834656647
76,46,55976.259074461566
76,47,64776.22555367567
76,48,55485.41255551038
76,49,50676.46099568133
76,50,57370.84661448482
76,51,58374.93908235679
76,52,52879.83331426288
76,53,50824.72721083845
76,54,58133.86307809359
76,55,44527.561240941446
76,56,42807.036882505374
76,57,47430.2568660617
76,58,44881.78636111747
76,59,40157.55244209123
76,60,43162.49743763424
76,61,37454.89083728019
76,62,41156.636500740206
76,63,46197.46186098428
76,64,44004.43929379749
76,65,45775.192306168225
76,66,42506.35838910184
76,67,48454.85638909038
76,68,47167.07235067307
77,10,49781.3163348312
77,11,59047.1431324437
77,12,55053.70192934669
77,13,56934.21822479802
77,14,54105.058211800795
77,15,49266.38224185284
77,16,51973.303426417806
77,17,58833.24967898606
77,18,47372.28119823883
77,19,53547.17076491072
77,20,63300.81293808115
77,21,48932.12477528478
77,22,49825.54374857049
77,23,47247.35531927106
77,24,49875.78779363133
77,25,53301.06949433355
77,26,57817.50404565209
77,27,52714.860030914286
77,28,52132.728342188304
77,29,50886.67095436518
77,30,49967.554869700994
77,31,37762.292125483524
77,32,41978.71661901956
77,33,61792.00600982969
77,34,47068.387196201424
77,35,41766.864177612035
77,36,43583.92474761645
77,37,54424.595381732724
77,38,67804.46393771707
77,39,59513.16442191655
77,40,57236.22066641941
77,41,57067.603999391016
77,42,64213.654407323236
77,43,50031.45861746705
77,44,47673.277528344974
77,45,54441.11618605616
77,46,46140.61787176218
77,47,55041.70775038501
77,48,48609.18031254044
77,49,47579.61519953267
77,50,54831.21044149326
77,51,54139.96527091704
77,52,44387.91485545697
77,53,43160.2394943377
77,54,40099.255800875166
77,55,40172.53584120572
77,56,37711.9876164228
77,57,48036.92917756375
77,58,47308.326437896656
77,59,41781.42009281711
77,60,38873.49405777863
77,61,33965.008571224935
77,62,41713.23874520517
77,63,47436.71681280406
77,64,35253.67343954877
77,65,49916.719802285916
77,66,37103.68235895178
77,67,41546.74424317941
77,68,50198.385403417196
78,9,45528.55427300327
78,10,48756.08923270555
78,11,46254.547836856036
78,12,48933.47166324526
78,13,48044.5853630072
78,14,48594.35649844771
78,15,45639.82315378533
78,16,47852.19143058766
78,17,48979.22597557122
78,18,45288.74190044099
78,19,46758.66084908085
78,20,50253.03371307308
78,21,51087.791906274906
78,22,49568.36925248597
78,23,50873.862582019785
78,24,50577.88734682297
78,25,54211.85353313429
78,26,59989.65856807559
78,27,56373.66607874516
78,28,54543.15695878324
78,29,53625.59262385178
78,30,52056.42721285024
78,31,45027.8321096837
78,32,58616.70667510023
78,33,70487.02861195849
78,34,47695.25392162945
78,35,54277.94288018615
78,36,65848.21500237973
78,37,70748.72806105367
78,38,79675.68361295725
78,39,55672.34117183058
78,40,54293.79676947839
78,41,63332.57166719425
78,42,54183.89853850389
78,43,46296.53714917763
78,44,49978.314586429435
78,45,51142.054457476544
78,46,42468.06003547
78,47,51906.62261819318
78,48,44372.592849074135
78,49,43610.264416589795
78,50,49328.845957978134
78,51,51544.92438102626
78,52,43330.7101775104
78,53,38687.57925146331
78,54,35042.93319181585
78,55,35880.42481851096
78,56,36542.97981232726
78,57,44943.682174244736
78,58,44347.814240984095
78,59,43834.25548106873
78,60,43738.02571753859
78,61,34168.78693874708
78,62,41843.68038200793
78,63,48433.42545138679
78,64,45925.26322560225
78,65,34769.85126220029
78,66,36216.156321549584
78,67,48755.78584235546
78,68,51212.80632510464
78,69,45051.25717662642
79,8,52203.44067854357
79,9,49018.83108932884
79,10,49968.65686963685
79,11,45325.08259127267
79,12,48392.97241660351
79,13,52308.29936280461
79,14,50444.51675266996
79,15,48714.56546910604
79,16,46119.63477859889
79,17,47932.09134047716
79,18,46617.262467012144
79,19,43957.700689276884
79,20,40859.76508428683
79,21,50091.74412931724
79,22,51064.89522022094
79,23,48983.86407242968
79,24,49329.471647198385
79,25,51159.60245803607
79,26,59884.686941552085
79,27,54405.01626817981
79,28,48694.56562891752
79,29,57478.548714799676
79,30,58115.39062897637
79,31,34658.47858389795
79,32,57735.07087637783
79,33,67064.15328547684
79,34,68568.17548987266
79,35,43684.44833493097
79,36,57147.44898165997
79,37,71796.07276490924
79,38,50018.50982744496
79,39,36495.66973062622
79,40,48137.04403425302
79,41,47042.328981847044
79,42,53095.341600580025
79,43,49749.14340839677
79,44,53592.822157587536
79,45,50374.702389895065
79,46,47430.19772702484
79,47,55852.59064336286
79,48,51059.689231168035
79,49,47638.22217845395
79,50,49806.75190545106
79,51,58215.322987512285
79,52,48344.36110073807
79,53,35527.494502661124
79,54,28676.372318551443
79,55,34032.633512265136
79,56,38115.71474875355
79,57,47837.105844216814
79,58,46871.13452331162
79,59,46036.66514500042
79,60,37677.08396860558
79,61,35629.618361014036
79,62,41753.93199825969
79,63,48236.862921024505
79,64,46509.09687624255
79,65,44095.443141087875
79,66,47608.083364424674
79,67,35859.47465210343
79,68,43849.19632186495
79,69,49967.723651663655
79,70,50716.23941475185
80,7,52234.72443466802
80,8,53858.344196128695
80,9,54417.749250270215
80,10,52966.240055998955
80,11,51859.895756807135
80,12,52322.93429025691
80,13,54572.2837165941
80,14,51104.7023396554
80,15,53823.55244941534
80,16,53798.74990510986
80,17,54198.15638106147
80,18,52469.81068489965
80,19,49272.31296336916
80,20,52603.5320319537
80,21,55763.712014189005
80,22,56644.166690549355
80,23,46769.60769972988
80,24,50736.11138708081
80,25,56159.632517991755
80,26,63582.98557862399
80,27,54951.11878951789
80,28,53092.74307370184
80,29,44568.81285967454
80,30,54168.94023057519
80,31,56502.834381084554
80,32,66554.41330829258
80,33,67166.31887533372
80,34,67328.95993973414
80,35,53558.25584440165
80,36,56497.734045372454
80,37,63772.98387492073
80,38,53540.2474500761
80,39,43464.95149996547
80,40,43913.258377992555
80,41,49590.47813336846
80,42,41374.790467499486
80,43,46615.53914523002
80,44,59443.81445482995
80,45,54472.83301340499
80,46,58887.503056734844
80,47,50798.467558861776
80,48,45330.880966202676
80,49,50809.88335995866
80,50,72204.7043077122
80,51,67752.61141215079
80,52,52281.213996447375
80,53,37143.442179792626
80,54,39272.92276025983
80,55,30977.337880944724
80,56,34580.276971717954
80,57,47962.02837554809
80,58,38311.730960216395
80,59,42727.850889876565
80,60,43171.28461191388
80,61,35961.2428162393
80,62,42679.7914721365
80,63,46612.82020499811
80,64,44690.208980673575
80,65,50813.635738459525
80,66,42237.47968606004
80,67,50307.508592863174
80,68,45490.302119317086
80,69,45143.77803034542
80,70,38339.68332604109
81,7,53311.322470722924
81,8,50924.23976629183
81,9,48352.43086706161
81,10,53760.02764026499
81,11,51952.59918267239
81,12,57855.20571513499
81,13,57111.5010997979
81,14,53267.308481837055
81,15,56902.449617038
81,16,51763.45878812024
81,17,53668.96222687344
81,18,49274.27670271531
81,19,46291.691404148834
81,20,42632.12182704631
81,21,49920.831807479175
81,22,52552.84958434711
81,23,52334.33984270265
81,24,51503.731754949076
81,25,53274.00961231453
81,26,60995.443549806165
81,27,57184.231048276866
81,28,52605.36931913322
81,29,54702.95383083252
81,30,65463.37234881543
81,31,66354.63687938571
81,32,74571.9472701262
81,33,64871.948525875996
81,34,27263.80289698101
81,35,46187.00606049774
81,36,51601.6403366388
81,37,65973.55690158995
81,38,52705.19919970896
81,39,45735.33009034572
81,40,44882.06040654047
81,41,44327.61921042353
81,42,44133.79429201789
81,43,53227.55733080601
81,44,77521.2309291919
81,45,61908.84327720626
81,46,50336.92273994728
81,47,64479.77658603873
81,48,41336.6177998759
81,49,45223.19239338683
81,50,52242.9612286714
81,51,52071.05293417412
81,52,43997.55206881606
81,53,37755.771002786576
81,54,35805.409172425454
81,55,35901.08918362686
81,56,35956.654531504064
81,57,45640.67775096007
81,58,41860.84072946323
81,59,40329.001757702725
81,60,45744.876106873475
81,61,34746.066434572254
81,62,41399.75756226889
81,63,47100.092543792496
81,64,40837.09109949738
81,65,38584.44191566354
81,66,42691.034163601755
81,67,50350.86363008784
81,68,39262.87855415197
81,69,37331.798341658185
81,70,45228.52406227979
81,71,41204.17405056739
82,7,69702.91252525612
82,8,68129.82873767283
82,9,68641.69819116293
82,10,68600.87031236464
82,11,68641.54316915019
82,12,68630.37962928879
82,13,67615.04256220533
82,14,67983.0745652926
82,15,68157.94639228834
82,16,69122.63125613876
82,17,68904.90349815974
82,18,68705.02556173783
82,19,56941.98992234302
82,20,62702.99722558475
82,21,57862.82209963375
82,22,64806.896579624685
82,23,60909.63782705218
82,24,58958.111579940574
82,25,63901.349279813534
82,26,72635.65808022628
82,27,74605.65080280433
82,28,62348.742224137015
82,29,66217.16578338924
82,30,89559.12433663008
82,31,67114.14147490734
82,32,63314.92796295966
82,33,47853.91519321673
82,34,30980.64353373882
82,35,38118.512656581755
82,36,37886.487118497476
82,37,55654.03973271643
82,38,52056.80298324039
82,39,50597.63072724084
82,40,47106.04409168971
82,41,51740.87386004766
82,42,65383.77278832723
82,43,43999.06189476082
82,44,47580.52330203208
82,45,54288.578845057134
82,46,45380.219488182534
82,47,64026.210969977736
82,48,39687.22023361732
82,49,42135.4735459592
82,50,47922.228018099304
82,51,47844.19811931623
82,52,42816.24345031368
82,53,38749.31427415635
82,54,36025.8925877859
82,55,46227.878775892554
82,56,36009.29994948824
82,57,46521.15325993904
82,58,32682.568850248703
82,59,34977.476322540286
82,60,44313.17739189772
82,61,35037.55272135224
82,62,40647.38460863913
82,63,48312.11962388376
82,64,43886.35778761712
82,65,44116.62992150019
82,66,50938.86450807705
82,67,47499.0735939803
82,68,44247.7675068161
82,69,41534.853481887025
82,70,48349.96115224444
82,71,35669.69671963552
83,9,53408.34876246267
83,10,49347.31018083294
83,11,49514.886942228215
83,12,52559.3604730252
83,13,52096.02828956944
83,14,45961.58194422537
83,15,50801.32600999389
83,16,52398.184105947716
83,17,47625.63449743586
83,18,45755.15295877763
83,19,22777.823155711336
83,20,24178.22589259361
83,21,53187.27782629646
83,22,56907.76426460402
83,23,56081.566172638304
83,24,51947.073938867325
83,25,59399.339493600004
83,26,70544.1382344478
83,27,65508.966282428235
83,28,62170.481616437704
83,29,64335.88468110796
83,30,72671.45376090113
83,31,73380.47128070306
83,32,69174.77572862954
83,33,57833.24651372695
83,34,53137.07384953579
83,35,56630.390469665675
83,36,68514.9077694595
83,37,39015.00722533694
83,38,54762.68607173894
83,39,52389.68784497963
83,40,58581.07373042406
83,41,63278.212611901916
83,42,39542.36998715841
83,43,65001.62441705036
83,44,60424.79413845842
83,45,62292.0633647861
83,46,53051.555533695326
83,47,68319.53642976604
83,48,51657.57868389157
83,49,40282.6070294474
83,50,42490.02747710813
83,51,45738.0645771373
83,52,41935.73162940967
83,53,35204.32036544948
83,54,31233.62334415245
83,55,35326.270591169305
83,56,45317.36882361418
83,57,40447.21652514267
83,58,47144.12217405382
83,59,38641.76845911645
83,60,41482.00372294265
83,61,33381.38920824065
83,62,40288.74724413286
83,63,48036.54997762411
83,64,46479.62327817978
83,65,40448.8252615319
83,66,49817.6376096003
83,67,50967.637246751765
83,68,48720.05891811292
83,69,45922.56240654178
83,70,45156.913964099745
83,71,40920.25655582763
84,11,43905.04676816206
84,12,45798.13361102884
84,13,43387.44010850048
84,14,45229.20970493565
84,15,49670.851672229066
84,16,52622.30693561923
84,17,51728.11685970463
84,18,52387.363616088456
84,19,48076.82953303262
84,20,36843.90279014449
84,21,47977.647203653214
84,22,51905.53090099937
84,23,51095.61455464123
84,24,52170.20046745922
84,25,56408.80016932148
84,26,64347.090228871704
84,27,65387.71095362442
84,28,57312.76771048717
84,29,58575.776707188605
84,30,63199.509818562496
84,31,61784.618766993306
84,32,56554.39240759289
84,33,58054.89239361087
84,34,59177.83494899505
84,35,57299.22831555468
84,36,66616.93448670272
84,37,61081.23131380504
84,38,56488.66261024801
84,39,48873.18466661592
84,40,48501.449231872044
84,41,52533.27321217775
84,42,54098.41657117601
84,43,54195.77555830796
84,44,51245.45158475448
84,45,43899.506990507594
84,46,47023.6148340115
84,47,46970.53523677257
84,48,45005.81743313919
84,49,52929.98805172197
84,50,59082.22777860312
84,51,49865.60852072979
84,52,45031.19848101148
84,53,42087.822216600296
84,54,38308.06579158026
84,55,46524.14115894957
84,56,51585.753655941226
84,57,36873.94550979412
84,58,31984.432965105592
84,59,48029.88001265648
84,60,31314.854821013712
84,61,38521.98673780495
84,62,40635.95352442353
84,63,47337.98803300076
84,64,35822.73360293155
84,65,45977.8436214613
84,66,37052.12158525468
84,67,37562.05784817
84,68,39899.182593810205
84,69,44955.59677918365
84,70,35297.07013623653
84,71,46509.06637517984
85,13,52006.64830878292
85,14,55680.18121284845
85,15,59467.896161861885
85,16,55887.24574302945
85,17,52167.141136988714
85,18,51384.47822621793
85,19,50902.537727956034
85,20,54653.26186194227
85,21,53907.52486164542
85,22,57252.0008471934
85,23,57782.82293854984
85,24,58361.88815524616
85,25,59847.688104051886
85,26,65553.97573953692
85,27,63173.54686956478
85,28,60539.085427960956
85,29,60290.86080499213
85,30,64185.39271361327
85,31,67096.25581375315
85,32,47452.428741243326
85,33,59059.80070047605
85,34,55985.359982411814
85,35,60248.350594284944
85,36,54472.35287452463
85,37,51621.35841568451
85,38,57119.88336850503
85,39,51579.699348836555
85,40,43875.99959418058
85,41,56777.42447936599
85,42,64602.81554654739
85,43,55252.60304158569
85,44,54688.63031466455
85,45,61375.35528057479
85,46,67109.81026082311
85,47,39714.6490166208
85,48,51274.683734137
85,49,46592.77574355683
85,50,40514.84920463333
85,51,51337.34369440214
85,52,45780.23364786304
85,53,41770.7159792177
85,54,31935.407551576212
85,55,40562.23756735674
85,56,41554.185179258646
85,57,38236.7986057285
85,58,32563.240642117424
85,59,30106.949309794174
85,60,38696.94895390499
85,61,30400.982313175544
85,62,38980.78753269769
85,63,47357.13473021054
85,64,39828.04726556401
85,65,45992.51522232006
85,66,32940.54959333274
85,67,42583.302734177894
85,68,44647.98098230923
85,69,48463.94988067654
85,70,50539.083925454295
86,14,58535.37309394609
86,15,57173.81596992641
86,16,60649.22312005343
86,17,61653.63897054533
86,18,61119.491847002944
86,19,64312.14792572378
86,20,61223.83528085529
86,21,62006.57913391462
86,22,63129.34747430909
86,23,60859.40486069198
86,24,68025.9624575794
86,25,64044.27063255941
86,26,68633.85588324569
86,27,62886.31139245699
86,28,58582.33629086151
86,29,60115.27235021157
86,30,65650.11760052733
86,31,73782.49993658147
86,32,51905.958137354326
86,33,63164.405071576504
86,34,69306.5598022375
86,35,58511.858396835654
86,36,42737.32743482047
86,37,54891.992499813976
86,38,77773.90890936044
86,39,51000.35900688192
86,40,53271.49081671682
86,41,55508.172304733656
86,42,69260.0120904357
86,43,54425.300114598555
86,44,52282.828720981204
86,45,38173.14951508892
86,46,84517.42335568427
86,47,49115.13941293933
86,48,37846.649562182094
86,49,58037.19808332165
86,50,47624.77154714178
86,51,50952.731204947326
86,52,37373.753128328484
86,53,32130.611238750236
86,54,24502.116656003032
86,55,37677.60015683129
86,56,35006.07914312721
86,57,34221.74838185158
86,58,28149.714901411946
86,59,26865.69833782258
86,60,33576.419296519416
86,61,27483.82037543454
86,62,39348.919345449416
86,63,46637.93280990275
86,64,43580.33766914791
86,65,47206.9770071995
86,66,32047.255040006487
86,67,41352.41255582726
86,68,47720.963472510426
86,69,47276.76775812727
86,70,41501.46490573754
86,71,40595.77902286555
86,72,40419.68053981738
86,73,48886.27500622952
87,16,57026.468609654694
87,17,59161.07760387491
87,18,56599.931079330854
87,19,57362.88468720457
87,20,53872.002493456515
87,21,64312.83148523631
87,22,65562.30991506563
87,23,65797.4366902698
87,24,74925.6690261256
87,25,66946.6227387881
87,26,71361.1994081621
87,27,70990.72203852737
87,28,64236.26601857038
87,29,63828.998128353596
87,30,68785.56111383763
87,31,73029.43663595605
87,32,62054.34511847498
87,33,39048.85966923308
87,34,62784.88875884566
87,35,69623.05994076548
87,36,71642.20278077661
87,37,60803.356810723635
87,38,59995.00763891294
87,39,54085.171378507366
87,40,56402.278777657666
87,41,53068.35043438124
87,42,70348.59712875052
87,43,42648.110246415374
87,44,53107.580993889
87,45,54144.2736248856
87,46,58096.19611863525
87,47,53497.546457385826
87,48,57059.40304091913
87,49,59174.36821184566
87,50,40532.09659443554
87,51,58345.942742898136
87,52,42642.26813102416
87,53,35082.853963462636
87,54,29456.43852369605
87,55,39989.64030156587
87,56,39185.54044334431
87,57,40195.83899307941
87,58,35695.499646752956
87,59,30070.65470240037
87,60,41430.976708716335
87,61,32756.800089677352
87,62,41910.79405885584
87,63,46081.32550790201
87,64,43890.0291085825
87,65,39319.081922466714
87,66,37737.460952470006
87,67,35125.40252961743
87,68,35944.4353352577
87,69,49136.03947579322
87,70,40473.76522488527
87,71,48740.56960149594
87,72,47503.07867473662
87,73,48930.54692349334
88,17,67667.54171873632
88,18,67000.15003541461
88,19,68092.39741407041
88,20,65982.41011920288
88,21,68694.58069646088
88,22,71285.26888487212
88,23,71236.93747619228
88,24,72931.51156473582
88,25,69092.7440990522
88,26,73709.49249260685
88,27,70764.97801023125
88,28,64796.82575020157
88,29,65887.49413178054
88,30,73674.66171290612
88,31,67818.84495007925
88,32,62749.762943840746
88,33,54722.73119651779
88,34,62620.0565684624
88,35,77238.809813088
88,36,65486.55206418355
88,37,47604.52430511993
88,38,42087.61158198941
88,39,56874.93448419932
88,40,46274.8714844551
88,41,44710.26325020747
88,42,53561.52738360491
88,43,35842.31718232311
88,44,56214.93842828282
88,45,42541.50974932512
88,46,40673.065007853846
88,47,74045.2283313851
88,48,59772.54824240647
88,49,62064.95292320589
88,50,38188.86696563534
88,51,38286.803030239396
88,52,40637.43757497081
88,53,32554.907088034448
88,54,27210.76216194667
88,55,40276.9846702999
88,56,40480.667801851305
88,57,39171.57804803986
88,58,29441.054488384416
88,59,28352.175204339354
88,60,36908.89737814035
88,61,30134.04441224625
88,62,36913.220364567685
88,63,42056.9231192016
88,64,35739.76912641142
88,65,40382.65494749919
88,66,37022.20466401316
88,67,38277.24381194827
88,68,40058.02400662306
88,69,46616.18042912369
88,70,40479.77776915863
88,71,38855.62278080967
88,72,48697.936712603565
88,73,45213.80995185795
89,18,64758.72106874768
89,19,64607.606813304905
89,20,64397.38289536148
89,21,65263.15694936762
89,22,64637.489422934974
89,23,65400.22543024135
89,24,69276.11921833281
89,25,66896.3817049633
89,26,69986.1470336708
89,27,70410.19884669961
89,28,60782.01493231585
89,29,61176.920317038894
89,30,64211.12273291413
89,31,50656.75773865963
89,32,64833.38270982344
89,33,57935.1956249771
89,34,78227.88683733626
89,35,68325.73484074036
89,36,48118.955510484426
89,37,40149.3665239862
89,38,46309.9634817636
89,39,55583.45213598735
89,40,53611.14193451563
89,41,44031.81611383329
89,42,41281.013925354724
89,43,47693.434685496526
89,44,56218.93337131172
89,45,48355.93029647982
89,46,44335.65548269826
89,47,51804.42233301717
89,48,58096.426393083384
89,49,48972.091945583365
89,50,53551.02754516201
89,51,38498.05182308694
89,52,44780.18056330673
89,53,39522.04114593344
89,54,39430.022589998734
89,55,39879.9911146214
89,56,44520.28451654245
89,57,42077.69835495857
89,58,30811.37118902631
89,59,30414.900576806453
89,60,42318.97985239416
89,61,29214.67519211706
89,62,38097.53093432862
89,63,44217.5276661179
89,64,43875.974706077126
89,65,47270.31069964515
89,66,40761.09466746559
89,67,48699.136155191096
89,68,32261.196220461705
89,69,45833.90709359051
89,70,44381.37646540349
89,71,36375.458350891735
89,72,44281.353190887516
89,73,48827.68914077435
89,74,44959.47836504223
90,19,67020.20668971131
90,20,65517.138094762944
90,21,66024.43516783217
90,22,68579.8513398786
90,23,69747.6472249923
90,24,72748.8450817556
90,25,66327.61372269959
90,26,74790.83573909415
90,27,69334.88579466689
90,28,58702.82887993903
90,29,60587.3273027754
90,30,66499.19614444967
90,31,61663.672016595425
90,32,66713.2526896088
90,33,53109.277995681034
90,34,40572.76598952525
90,35,45612.17130972239
90,36,52090.2989937468
90,37,47176.65734413186
90,38,50744.70734358704
90,39,57728.21289604608
90,40,47053.80265366739
90,41,50904.086147759925
90,42,60242.52055283937
90,43,48706.97057054773
90,44,69668.82585467045
90,45,47168.82519169981
90,46,35177.675148570255
90,47,41903.45912946048
90,48,55479.300418899045
90,49,43680.21121074459
90,50,51305.2604059826
90,51,40780.71667970612
90,52,44078.466717799834
90,53,27615.925907294433
90,54,22752.984601424578
90,55,47312.32444154879
90,56,43503.207571049876
90,57,41353.172373827125
90,58,31147.440316107823
90,59,31996.56082652216
90,60,45066.991189741646
90,61,33932.00995508153
90,62,42666.635783875645
90,63,46687.53159057868
90,64,50189.52802236698
90,65,44545.26265553771
90,66,45114.491938388746
90,67,39922.163746984144
90,68,48018.47415659092
90,69,34948.71600145176
90,70,48603.43167285753
90,71,44433.32947333829
90,72,39259.534939669276
90,73,41901.89919601292
90,74,43579.38576906116
91,21,73476.54814138453
91,22,79268.35638260399
91,23,55988.964185302255
91,24,61874.513994302964
91,25,62225.693671756235
91,26,52250.67712785517
91,27,57462.481679583754
91,28,47715.35708772938
91,29,56655.01565644183
91,30,62893.69467345133
91,31,47691.32612901593
91,32,66345.10348551857
91,33,53118.6533769133
91,34,50107.686588765726
91,35,55228.52311372403
91,36,49157.541473586265
91,37,62781.70446937075
91,38,62865.48283979198
91,39,59103.515071840564
91,40,44478.51450291583
91,41,57377.64301871843
91,42,46904.64471942274
91,43,33441.88835237427
91,44,83552.83470375024
91,45,44723.98652091433
91,46,55152.89805871468
91,47,44758.47843071047
91,48,51157.32099416185
91,49,26121.484901062606
91,50,34467.87875458175
91,51,33976.654028852165
91,52,42570.95188312677
91,53,33371.8854887579
91,54,24969.00028226383
91,55,48813.122466560875
91,56,46337.38137844612
91,57,42780.55866027867
91,58,34528.610373905816
91,59,33401.85717740735
91,60,45103.81085856843
91,61,45517.15159274456
91,62,40578.6680087748
91,63,48198.435556945
91,64,50371.52457030154
91,65,47120.6330198089
91,66,41442.25991456495
91,68,47950.88163490875
91,69,46771.1407494138
92,22,67966.16190779104
92,23,54868.695254307786
92,24,74655.53976242729
92,25,61950.01313222125
92,26,59358.119884065396
92,27,69453.17456533556
92,28,65339.03309091508
92,29,69515.77937415018
92,30,47161.547445828524
92,31,37745.6486515004
92,32,67885.43832000133
92,33,45259.31938152238
92,34,52138.49252490273
92,35,59482.532641635116
92,36,55914.2197234444
92,37,53787.08379728308
92,38,54986.60180514172
92,39,51597.07619237242
92,40,43291.30562922427
92,41,57739.00024837867
92,42,74340.9701419977
92,43,54774.64616304341
92,44,61625.8325553416
92,45,46557.57072040476
92,46,53019.99787280825
92,47,48585.672659314805
92,48,47086.486686720506
92,49,42971.93555582266
92,50,58248.9933408123
92,51,36449.02716691456
92,52,38424.64129979988
92,53,33896.02307492812
92,54,28817.59900018984
92,55,42317.83724152428
92,56,38671.09675358115
92,57,30259.36136463679
92,58,28848.040765558337
92,59,31158.319111698806
92,60,43763.2913768644
92,61,38980.051915912365
92,62,42993.6647318902
92,63,47758.79845339362
92,64,51404.22745848518
92,65,48218.764174128366
92,66,48387.77537252383
92,67,37901.50156680212
93,23,71007.91559988145
93,24,70216.20374758374
93,25,68272.7844047082
93,26,74627.72095061689
93,27,79083.40560445913
93,28,57126.099104342386
93,29,59150.0676390853
93,30,54337.19287819343
93,31,81620.71904777574
93,32,41565.72395488462
93,33,47388.10685996711
93,34,74238.24780321476
93,35,78543.55926977078
93,36,60235.454478378735
93,37,62899.79722048524
93,38,37653.100849920724
93,39,52214.40860894888
93,40,48133.26046473737
93,41,49998.59966930893
93,42,50670.49975389412
93,43,62812.899263166604
93,44,80144.78174900822
93,45,59557.961320892064
93,46,58525.2388101685
93,47,39712.027395975194
93,48,53220.79621228748
93,49,48951.90019909839
93,50,34680.2900146958
93,51,36578.613559364676
93,52,39151.72673524582
93,53,39539.79303473249
93,54,31085.914788424572
93,55,39072.45438186249
93,56,45011.668582166465
93,57,39296.64295819631
93,58,30735.106159697127
93,59,30934.620357028176
93,60,44733.75740989113
93,61,35159.66950588213
93,62,44070.98920138585
93,63,48046.031655744584
93,64,50058.40431664421
93,65,49448.701084190856
93,66,47587.57169938152
93,67,41294.011424274846
94,24,71279.4524988973
94,25,71929.38828587194
94,26,74250.07039043859
94,27,76196.72456624688
94,28,51971.088255460345
94,29,57785.135841065865
94,30,46749.9822696422
94,31,49276.05658836117
94,32,52064.63849649962
94,33,74583.60478772684
94,34,61938.645836804804
94,35,69111.12472652875
94,36,73951.40560462204
94,37,57013.3020862907
94,38,37116.641630855454
94,39,50066.637874119195
94,40,58197.636708882266
94,41,47264.25051361964
94,42,43296.42643472576
94,43,78223.33931653337
94,44,75040.01318883999
94,45,46097.184824309756
94,46,62263.29676472124
94,47,50760.3816966315
94,48,60890.23355756044
94,49,42707.78388930313
94,50,42094.470292120786
94,51,40491.2142940224
94,52,43817.01713326582
94,53,40435.16703481656
94,54,48114.742334808805
94,55,46582.25139386245
94,56,52955.652805638994
94,57,48705.44297667965
94,58,37593.60351672679
94,59,38785.739592377635
94,60,54471.040900602726
94,61,43644.976247399056
94,62,47010.23073116721
94,63,47480.323328980354
94,64,51942.03551375212
94,65,50338.61579665654
94,66,45578.9684734949
94,67,45015.056352204876
94,68,43132.77630082065
94,69,39353.280575025296
95,24,65891.5900057007
95,25,64903.43493871084
95,26,67908.04799517307
95,27,69498.94770830299
95,28,62341.38371319407
95,29,59434.89452897705
95,30,61369.68518768257
95,31,52387.31139877708
95,32,55405.51957553709
95,33,57482.79015237245
95,34,40214.50578907837
95,35,47904.73299331016
95,36,50027.69370794627
95,37,58582.97166798773
95,38,52067.597551247854
95,39,55883.03205749604
95,40,55850.01745116743
95,41,64817.80988199112
95,42,55332.39927711214
95,43,75545.08544059879
95,44,70162.63134241852
95,45,36286.230542503465
95,46,53324.562167825534
95,47,44492.59915092156
95,48,45192.93936431542
95,49,40782.00327236479
95,50,37909.28674629063
95,51,38700.655732246356
95,52,42434.38872320676
95,53,46876.452623534424
95,54,55556.64901770762
95,55,55148.89600361759
95,56,53382.023774491674
95,57,52760.40940693079
95,58,39949.71202911513
95,59,38966.402927605195
95,60,47170.74725728669
95,61,39478.89573093813
95,62,43324.53105973113
95,63,49136.044864831885
95,64,50027.128060849165
95,65,50839.222419252364
95,66,42720.28240971623
95,67,47011.08441170313
95,68,44818.85177743477
95,69,48092.4251042004
95,70,47591.758930479584
96,25,51933.147833951225
96,26,53255.02021534202
96,27,53389.003203659086
96,28,50770.773997374316
96,29,46502.8846408186
96,30,56792.36063904263
96,31,50574.58286183493
96,32,41735.43107749056
96,33,43363.29732277138
96,34,53362.054913103224
96,35,58239.71049072271
96,36,49243.71018618718
96,37,39329.80674024041
96,38,49846.28555601831
96,39,50235.53841181152
96,40,49045.61995306556
96,41,56440.70231410677
96,42,59896.265326734916
96,43,66002.4208251403
96,44,70398.79380871699
96,45,59594.5539967199
96,46,78682.59222388847
96,47,51407.50667454203
96,48,49063.763769078454
96,49,43277.116042198955
96,50,41558.30802722815
96,51,40028.236970660335
96,52,50446.249360187314
96,53,42816.24071979269
96,54,47743.010213900365
96,55,53315.16514817075
96,56,52737.82601074054
96,57,52355.5103164595
96,58,40434.61833965423
96,59,40400.1756663361
96,60,49884.466075887496
96,61,42555.28595023892
96,62,46260.034664107334
96,63,48537.53352449118
96,64,52731.641422461296
96,65,51824.795292901545
96,66,45580.55587182034
96,67,41093.19592994589
96,68,46414.57627193662
96,69,45599.95231541373
96,70,42503.083477128224
97,26,50837.03145028472
97,27,54769.948057177244
97,28,50332.729670765846
97,29,53162.195298619336
97,30,58417.66396759945
97,31,57118.76693565122
97,32,34427.92218967944
97,33,47053.64234710779
97,34,58792.6836839809
97,35,57769.30079113885
97,36,64634.318680209704
97,37,44415.0426985895
97,38,50649.023693555566
97,39,46389.70560821419
97,40,50359.92666242241
97,41,54869.90308878851
97,42,60659.96980473913
97,43,60486.70644314725
97,44,49335.84690808617
97,45,34424.72374689735
97,46,50032.837038711776
97,47,44482.69710427135
97,48,55082.52223651561
97,49,45676.10767280757
97,50,48745.04085577284
97,51,44610.80301177345
97,52,43967.86214653478
97,53,31494.460758346584
97,54,48663.2391932796
97,55,54566.77020574076
97,56,55787.5307988247
97,57,53314.85804950062
97,58,44525.12589734318
97,59,46308.73184915479
97,60,50320.65680762682
97,61,46514.92507128206
97,62,43139.87562503822
97,63,47560.62279303431
97,64,51336.52461037649
97,65,49922.42183273356
97,66,42534.89031990912
97,67,50029.7709336389
97,68,49585.716607543436
97,69,48916.39422513565
98,26,43627.227178898254
98,27,40715.281658791224
98,28,43450.21233614085
98,29,44099.865000676975
98,30,47025.252413129216
98,31,39462.70446290157
98,32,35838.82958427922
98,33,44467.59426565296
98,34,47498.19769025533
98,35,50329.52510855945
98,36,53033.0528146205
98,37,54961.678184396274
98,38,43280.92583992744
98,39,49183.77760266547
98,40,59143.61332596398
98,41,53145.06440921843
98,42,62002.75778270721
98,43,53599.13307078362
98,44,67197.92752715162
98,45,33577.233213976346
98,46,43130.50150352373
98,47,50044.40901382837
98,48,57417.33040640275
98,49,46324.23929784955
98,50,56692.16401924446
98,51,42346.144077612524
98,52,49098.65242422399
98,53,54298.4123277483
98,54,49361.41553309593
98,55,58791.82495645492
98,56,54885.65557282313
98,57,49988.32651871599
98,58,30833.67342277294
98,59,27054.34738100944
98,60,50243.27735013888
98,61,31930.7208973636
98,62,39842.07325325119
98,63,47873.050965204
98,64,50264.32228495113
98,65,50986.06054697191
98,66,47180.09673218779
98,67,46012.411028362934
98,68,43689.37805772886
98,69,49735.81444421009
98,70,43305.109833152404
99,26,49640.94279572138
99,27,53788.96873694891
99,28,50577.658859002164
99,29,51865.936287721306
99,30,63151.949292797486
99,31,50783.31922647333
99,32,34595.029574965665
99,33,48788.01350403828
99,34,30104.982077296652
99,35,48016.40936541735
99,36,57065.881749727254
99,37,68583.15553907173
99,38,43282.028032909206
99,39,42402.303075343545
99,40,50995.690628160315
99,41,51252.933673050706
99,42,76520.78906558425
99,43,61507.431569416956
99,44,56834.36731293514
99,45,50492.771135094925
99,46,72396.37392295913
99,47,40408.70561784651
99,48,43517.68160428586
99,49,38712.30803399134
99,50,40938.38401898266
99,51,45924.42202782039
99,52,46875.52711948845
99,53,49028.549224108065
99,54,45602.68832352333
99,55,59304.03712108924
99,56,50843.87494514754
99,57,45803.81312731234
99,58,50019.85002561164
99,59,39599.221150173464
99,60,37690.23105965689
99,61,26606.523689413705
99,62,47976.28431726015
99,63,49161.513374875074
99,64,50718.06843906433
99,65,52728.24248969904
99,66,46318.795174246196
99,67,48035.5973429499
99,68,48756.270496189005
99,69,44267.84315054485
99,70,45110.54509752436
100,27,51298.01227493056
100,28,41781.245758037934
100,29,53598.337431892185
100,30,53148.42980952186
100,31,46334.735327352275
100,32,33262.47207551205
100,33,51807.36446395244
100,34,69016.88014506856
100,35,52685.45512508541
100,36,50805.70158200027
100,37,47875.74717905048
100,38,49249.33217646731
100,39,34226.293725210075
100,40,40648.10289440804
100,41,67641.80010830614
100,42,68281.04769937618
100,43,55306.09697288567
100,44,51373.05323816101
100,45,43957.64626212549
100,46,48690.154814424866
100,47,35261.06144895013
100,48,46170.981808006254
100,49,42283.50322872852
100,50,45456.364670090494
100,51,47343.23546966749
100,52,50287.59356471769
100,53,76562.96665998673
100,54,54329.97876891654
100,55,36181.09884510659
100,56,25367.39821716181
100,57,41057.90027294324
100,58,46040.1601169996
100,59,41207.702394549786
100,60,59113.378529783295
100,61,46633.904843384014
100,62,45661.04817791345
100,63,54406.541252147385
100,64,53646.84650047806
100,65,52890.62452243482
100,66,46230.01545197112
100,69,41939.63569858588
100,70,43590.299872031275
101,28,54648.68199355859
101,29,50548.54610029299
101,30,47985.31411517807
101,31,50236.28912554835
101,32,45347.24295204908
101,33,54599.95212724964
101,34,52003.443892420226
101,35,59061.80444485801
101,36,58067.774023488826
101,37,54592.09098632195
101,38,38981.01487793969
101,39,59558.8556317606
101,40,66946.34779307405
101,41,81700.30729457182
101,42,65316.815335124615
101,43,51843.521690644
101,44,55898.50544755531
101,45,25772.492604776307
101,46,51317.51484831626
101,47,20921.24592081352
101,48,46091.12745613681
101,49,48322.45176854364
101,50,55575.6885199243
101,51,52019.07552401093
101,52,45854.62921704324
101,53,52212.29360663653
101,54,38226.11365876915
101,55,45282.075851494315
101,56,44145.4742740208
101,57,46487.8405775225
101,58,44915.7626990232
101,59,47799.83768233551
101,60,48189.26536915675
101,61,45045.18350391842
101,62,29741.084110472402
101,63,27572.45323104491
101,64,49412.25565020774
101,65,52488.02931727652
101,66,44808.950507600806
102,29,56650.67902955393
102,30,48095.99194071188
102,31,59432.88678160712
102,32,45457.76934302462
102,33,48979.91600918822
102,34,69439.70432638329
102,35,52306.64924488212
102,36,51394.310981751914
102,37,70793.06362986082
102,38,52794.96807068627
102,39,56847.18103551185
102,40,63786.49361517596
102,41,52936.046792586385
102,42,52044.72910765559
102,43,45087.43774463497
102,44,45702.37981404145
102,45,34169.09167051272
102,46,53987.623040953404
102,47,38296.4961583667
102,48,48192.77884123217
102,49,44134.53084419327
102,50,46677.27697773387
102,51,48691.75376092563
102,52,47722.58177476142
102,53,47971.67474887805
102,54,46944.249912766536
102,55,42493.26896378253
102,56,43852.62433669167
102,57,44569.12579110817
102,58,44915.67312089712
102,59,45743.28120315735
102,60,45624.12965106096
102,61,44841.282095241375
102,62,34979.51080869187
102,63,30195.710774014893
102,64,43713.43952966619
102,65,45810.95061605578
103,29,52945.228713248245
103,30,35331.95004687278
103,31,55358.53336713286
103,32,53706.64406681634
103,33,51663.477034239
103,34,47264.034009080635
103,35,54480.93759851886
103,36,49129.04015860985
103,37,52721.56206764296
103,38,45511.86845075193
103,39,45675.39440138151
103,40,63366.52220485582
103,41,48450.62919528031
103,42,50505.574655559765
103,43,42360.99703878877
103,44,46216.90929640888
103,45,35821.422541937034
103,46,41411.76360341762
103,47,35216.90882689806
103,48,42203.87686277719
103,49,39951.39964515995
103,50,41118.682291793215
103,51,46252.25512393118
103,52,42122.41834968643
103,53,37786.29669825987
103,54,37327.37932835823
103,55,45687.27179245096
103,56,36794.26784296353
103,57,43901.36312572512
103,58,35456.38554768657
103,59,44688.91233926194
103,60,38778.4662870679
103,61,33979.736462172536
103,62,35355.35306175849
103,63,28024.086104385053
103,64,43309.03422788248
103,65,45296.210226527764
104,29,53752.585397219846
104,30,42597.39942130003
104,31,44197.043701867646
104,32,50219.64459820727
104,33,37505.60861986457
104,34,63102.60966846069
104,35,59560.331720498114
104,36,71459.09546190218
104,37,67317.6172954355
104,38,41063.31281704064
104,39,24920.496770164085
104,40,90419.42084831244
104,41,56415.30161123984
104,42,50904.75192938533
104,43,46062.963414983904
104,44,51303.213253600254
104,45,46545.171111292446
104,46,43693.49790379216
104,47,63061.512778981225
104,48,50588.45615393479
104,49,42915.38345328007
104,50,48364.320726302656
104,51,49082.230532665286
104,52,48177.48030917506
104,53,44037.704132038794
104,54,39973.94440840987
104,55,39083.08206880982
104,56,41150.32324683535
104,57,43052.25299904209
104,58,38948.74805943818
104,59,34924.70188211295
104,60,37682.14941729873
104,61,35881.81081398937
104,62,29333.247406365314
104,63,34626.37893262367
104,64,40258.34642218533
104,65,43788.123432431166
105,29,55979.96256416253
105,30,46582.705909083845
105,31,47429.25262343779
105,32,53961.442028084624
105,33,59053.44335370712
105,34,49243.14949124571
105,35,50341.815169003305
105,36,59051.637041322145
105,37,55481.40185891843
105,38,37196.38295482092
105,39,40851.950293468675
105,40,63809.92153172614
105,41,46507.6596809217
105,42,52326.74595464201
105,43,49062.1210715774
105,44,64385.50719984152
105,45,48256.72647430847
105,46,41159.96318342418
105,47,44928.57989070661
105,48,40190.5768048698
105,49,42683.197078349105
105,50,51349.909105534105
105,51,53777.400660683554
105,52,49944.125966246094
105,53,38540.419215873306
105,54,39037.85717212387
105,55,37453.96795645801
105,56,37367.24091450538
105,57,35505.352244248905
105,58,35957.06778051016
105,59,35832.37687141608
105,60,35025.8051738144
105,61,32464.050761027498
105,62,28780.4992646995
105,63,30268.599198576012
105,64,43424.73513044497
105,65,42660.29188506669
106,30,46798.92284318416
106,31,51235.3475762758
106,32,45673.75759179294
106,33,44503.09962393998
106,34,49767.35704176348
106,35,52309.72916586824
106,36,52180.76797987342
106,37,54310.328126311855
106,38,39955.526797343155
106,39,37987.813436200275
106,40,49188.59058832088
106,41,44188.32115349741
106,42,52764.18077350136
106,43,55297.08570021208
106,44,44685.067279947376
106,45,44676.555663709536
106,46,43414.208360154444
106,47,43243.092099032125
106,48,46477.093425981526
106,49,41867.5822131254
106,50,49693.503810732065
106,51,52298.50393859203
106,52,55973.937348377876
106,53,47055.884405735924
106,54,40892.80359759528
106,55,39101.2920281931
106,56,40195.691079067146
106,57,36968.20763765755
106,58,36338.01043563803
106,59,35505.03916404313
106,60,35961.09790254477
106,61,35018.70733236926
106,62,31964.82249186724
106,63,30512.632394481258
106,64,41565.23250350409
106,65,43216.98741142303
107,30,46720.54567695374
107,31,48383.64521754213
107,32,43773.38727486324
107,33,53096.157280729305
107,34,55619.73356127242
107,35,58626.684136348704
107,36,48427.82941738531
107,37,48622.85458399355
107,38,39677.924289561735
107,39,43096.22561452099
107,40,51831.90980545974
107,41,53886.84431196114
107,42,56000.10692368454
107,43,53824.69738148109
107,44,60782.265846620336
107,45,48097.52143522358
107,46,47869.253841619706
107,47,51463.17421518695
107,48,54551.45511755368
107,49,46193.935086874015
107,50,64882.314598771
107,51,57983.99126478732
107,52,43184.16448271161
107,53,47634.3987052723
107,54,39581.59438992695
107,55,40719.41529001994
107,56,40376.86078342092
107,57,39922.520435666185
107,58,38453.48661301211
107,59,36607.70598503245
107,60,36143.09615136474
107,61,36371.63865639646
107,62,33340.480809352346
107,63,31845.518985040148
107,64,43451.92577669704
107,65,41701.141295970934
107,66,37424.26783679556
108,29,49435.560851632516
108,30,38026.86941416974
108,31,43004.23894669158
108,32,45047.83173799224
108,33,47293.91958850079
108,34,53477.8105052468
108,35,49895.104230147146
108,36,54711.893791015646
108,37,49751.85180746157
108,38,44471.343849371864
108,39,46510.84464341987
108,40,59201.853838130046
108,41,52021.26252553654
108,42,58617.5114743583
108,43,57666.97075797612
108,44,53577.30167209889
108,45,45502.23712389412
108,46,48011.01216453103
108,47,47490.26044613804
108,48,54685.531751981194
108,49,43571.30009196521
108,50,45386.35044644923
108,51,46828.24791096737
108,52,56513.92368109597
108,53,54759.91317549189
108,54,48867.18656784765
108,55,40309.50210693777
108,56,41041.8973802186
108,57,42166.66984012536
108,58,37308.623148454535
108,59,38991.50149003397
108,60,36320.71065261644
108,61,36458.87400219481
108,62,34898.97493763359
108,63,33687.489862141934
108,64,42768.89019490041
108,65,42197.62042918281
108,66,41226.19356598463
109,29,38039.39756638187
109,30,47176.25773340468
109,31,39927.42735599329
109,32,37456.51541093837
109,33,41800.66736272929
109,34,41597.364285006144
109,35,44259.165416551295
109,36,42014.15243520812
109,37,46564.39465938514
109,38,36517.45795042844
109,39,41638.210357921416
109,40,57953.18965841153
109,41,46060.24164979623
109,42,47906.96074130787
109,43,41968.951067478585
109,44,39483.72051069108
109,45,33009.02299794489
109,46,34090.771025970185
109,47,36435.309077830716
109,48,37949.740099210234
109,49,40096.469875984665
109,50,23046.663921005296
109,51,54165.83977760901
109,52,53255.64734581654
109,53,55715.05841073641
109,54,47929.74279174468
109,55,52320.17916168578
109,56,50995.17542580482
109,57,48113.44983643683
109,58,47161.24660215776
109,59,46709.75316658655
109,60,46228.80166102702
109,61,46221.51213138153
109,62,45253.007085407095
109,63,44940.88526104249
109,64,55627.07924385624
109,65,49638.637584726945
109,66,41896.17267300529
110,29,38673.03112236204
110,30,38102.63780433533
110,31,38249.761135195455
110,35,36253.89069184766
110,36,36302.73077040532
110,37,36179.97250112572
110,38,27302.298294954937
110,39,41421.62877907341
110,40,49518.29901292624
110,41,51589.14252637722
110,42,48283.37773372085
110,43,46006.296001209084
110,44,46936.09440902201
110,45,38346.49739570828
110,46,38516.630274883675
110,47,39278.13157045836
110,48,42115.600227651594
110,49,35655.5585682819
110,50,43432.27569788332
110,51,47874.462005430534
110,52,55316.603032124265
110,53,56614.92884162979
110,54,55405.06356640836
110,55,47745.75665535743
110,56,46593.80491179996
110,57,49261.45143831182
110,58,50268.59631427882
110,59,48582.99391811659
110,60,46160.35143601347
110,61,46102.02388622521
110,62,45461.20163758827
110,63,45325.06959362536
110,64,50994.85740340602
110,65,48913.1837566472
110,66,40998.21898694691
111,30,37553.12070430492
111,37,38592.983141183846
111,38,38044.51715024051
111,39,39430.30435352268
111,40,45675.389226135405
111,41,48955.318650145324
111,42,47752.831491957535
111,43,42759.94781778692
111,44,47810.13420232375
111,45,37634.80040114998
111,46,41658.87641171444
111,47,43521.54384839324
111,48,46273.423506118794
111,49,46870.568631028145
111,50,35674.57448648392
111,51,39609.145292243906
111,52,47428.42301582811
111,53,47727.44297572886
111,54,57989.85088259455
111,55,55765.03018076688
111,56,51480.17089522516
111,57,49110.60796973143
111,58,52223.697758743394
111,59,48963.361190139374
111,60,46168.335305182954
111,61,45928.243557381975
111,62,46029.36453061129
111,63,46180.018577107396
111,64,48251.26652106986
111,65,47846.77802298397
111,66,47073.479820082415
111,67,44421.180735766706
111,69,40979.898606988296
111,70,43575.43063084262
112,41,32993.797177551976
112,42,37539.65396286719
112,43,36437.37491285976
112,44,34532.47359452157
112,45,21059.296624530012
112,46,31490.952439420962
112,47,35629.479353470946
112,48,34339.146293849444
112,49,35706.48170736535
112,50,38524.397697758905
112,51,38951.273198397714
112,52,45273.09739085183
112,53,49466.25493138095
112,54,49114.002896838574
112,55,57467.90937209309
112,56,43711.17272398345
112,57,54775.26729488697
112,58,53408.39460290799
112,59,43686.21624015185
112,60,50336.097363856665
112,61,39190.54764871218
112,62,43532.637070502155
112,63,44360.9143329892
112,64,40433.7711380902
112,65,43531.01061635274
112,66,39694.37860143566
112,67,43659.6919565991
112,68,41555.605646375545
112,69,40893.14347845517
112,70,41786.44133207077
113,43,35509.57662760328
113,44,35157.52492960329
113,45,34863.330289426805
113,46,27878.933524938533
113,47,32886.831470357
113,48,35063.48019050391
113,49,38854.93614964805
113,50,35736.49464178056
113,51,44328.942193254006
113,53,47091.49910974765
113,54,52034.785123175694
113,55,54707.88729094887
113,56,51220.542416213284
113,57,46005.200257487835
113,58,52966.957271735984
113,59,46991.318049617024
113,60,41000.969378687936
113,61,40551.20059453798
113,62,43446.58613575075
113,63,41150.762994444
113,64,41816.551355912605
113,65,43956.213040012815
113,66,45864.07882771416
113,67,44184.755725477524
113,68,41886.73769229612
113,69,39765.007416666296
114,44,35904.997851293636
114,45,28361.566452038947
114,46,33354.94138643266
114,47,33393.94556875037
114,48,32913.08367424878
114,49,36460.90936402214
114,50,38123.34579370848
114,51,44001.35216982416
114,58,55384.41303578872
114,59,52283.115911797984
114,60,53060.72389417725
114,61,38702.54884216838
114,62,45931.17155417644
114,63,44456.698827811575
114,64,42032.59094302609
114,65,47914.83894820594
114,66,45841.60262788496
114,67,42492.948469120915
114,68,40544.29583647599
115,46,33336.82923995597
115,47,32155.95789883595
115,61,41568.33160026903
115,62,44585.76779044746
115,63,50198.282329498565
115,64,41229.49128554731
115,65,48709.37275022119
115,66,48203.73038087572
115,67,39345.451811563704
116,61,53620.525800292664
116,62,51861.59582576968
116,63,44655.186929828444
116,64,45231.69944376605
116,65,40194.68268438039
116,66,47579.68453791698
