grid_id,row,col,store
0,40,7,0
1,40,8,0
2,40,9,0
3,40,10,0
4,40,11,0
5,40,12,0
6,40,13,0
7,40,14,0
8,40,15,0
9,40,16,0
10,40,17,0
11,40,18,0
12,40,19,0
13,40,20,1
14,40,21,0
15,40,22,0
16,40,23,0
17,40,24,0
18,40,25,0
19,40,26,4
20,40,27,0
21,40,28,0
22,40,29,2
23,40,30,81
24,40,31,221
25,40,32,27
26,40,33,0
27,40,34,0
28,40,35,0
29,40,36,0
30,40,37,0
31,40,38,1
32,40,39,0
33,40,40,0
34,40,41,0
35,40,42,0
36,40,43,10
37,40,44,0
38,40,45,2
39,40,46,12
40,40,47,32
41,40,48,43
42,40,49,7
43,40,50,0
44,40,51,1
45,40,52,4
46,40,53,0
47,40,54,2
48,40,55,0
49,40,56,3
50,40,57,0
51,40,58,1
52,40,59,0
53,40,60,0
54,40,61,0
55,40,62,0
56,40,63,1
57,40,64,27
58,40,65,101
59,40,66,163
60,40,67,8
61,40,68,0
62,40,69,0
63,40,70,0
64,40,71,0
65,40,72,0
66,40,73,0
67,40,74,0
68,41,7,0
69,41,8,0
70,41,9,0
71,41,10,0
72,41,11,0
73,41,12,0
74,41,13,0
75,41,14,0
76,41,15,0
77,41,16,0
78,41,17,0
79,41,18,0
80,41,19,0
81,41,20,0
82,41,21,0
83,41,22,1
84,41,23,0
85,41,24,0
86,41,25,0
87,41,26,0
88,41,27,4
89,41,28,0
90,41,29,0
91,41,30,13
92,41,31,35
93,41,32,24
94,41,33,0
95,41,34,0
96,41,35,0
97,41,36,0
98,41,37,0
99,41,38,0
100,41,39,0
101,41,40,0
102,41,41,0
103,41,42,0
104,41,43,0
105,41,44,0
106,41,45,3
107,41,46,1
108,41,47,8
109,41,48,4
110,41,49,0
111,41,50,3
112,41,51,0
113,41,52,0
114,41,53,2
115,41,54,0
116,41,55,0
117,41,56,0
118,41,57,0
119,41,58,0
120,41,59,0
121,41,60,0
122,41,61,0
123,41,62,0
124,41,63,4
125,41,64,13
126,41,65,64
127,41,66,126
128,41,67,1
129,41,68,0
130,41,69,2
131,41,70,0
132,41,71,0
133,41,72,0
134,41,73,0
135,41,74,0
136,42,7,0
137,42,8,0
138,42,9,0
139,42,10,0
140,42,11,0
141,42,12,0
142,42,13,0
143,42,14,2
144,42,15,0
145,42,16,1
146,42,17,0
147,42,18,1
148,42,19,0
149,42,20,0
150,42,21,0
151,42,22,0
152,42,23,0
153,42,24,2
154,42,25,4
155,42,26,1
156,42,27,6
157,42,28,9
158,42,29,0
159,42,30,4
160,42,31,7
161,42,32,14
162,42,33,1
163,42,34,4
164,42,35,5
165,42,36,0
166,42,37,2
167,42,38,0
168,42,39,1
169,42,40,1
170,42,41,0
171,42,42,0
172,42,43,0
173,42,44,0
174,42,45,0
175,42,46,0
176,42,47,2
177,42,48,1
178,42,49,0
179,42,50,0
180,42,51,2
181,42,52,1
182,42,53,0
183,42,54,0
184,42,55,0
185,42,56,0
186,42,57,0
187,42,58,0
188,42,59,0
189,42,60,0
190,42,61,7
191,42,62,1
192,42,63,0
193,42,64,22
194,42,65,20
195,42,66,26
196,42,67,0
197,42,68,0
198,42,69,0
199,42,70,0
200,42,71,0
201,42,72,0
202,42,73,0
203,42,74,0
204,43,7,0
205,43,8,0
206,43,9,0
207,43,10,0
208,43,11,0
209,43,12,1
210,43,13,14
211,43,14,0
212,43,15,2
213,43,16,0
214,43,17,0
215,43,18,2
216,43,19,0
217,43,20,0
218,43,21,0
219,43,22,19
220,43,23,4
221,43,24,1
222,43,25,0
223,43,26,4
224,43,27,6
225,43,28,13
226,43,29,1
227,43,30,0
228,43,31,0
229,43,32,0
230,43,33,0
231,43,34,4
232,43,35,6
233,43,36,0
234,43,37,0
235,43,38,0
236,43,39,0
237,43,40,0
238,43,41,1
239,43,42,0
240,43,43,0
241,43,44,0
242,43,45,0
243,43,46,0
244,43,47,0
245,43,48,0
246,43,49,8
247,43,50,15
248,43,51,19
249,43,52,2
250,43,53,0
251,43,54,0
252,43,55,0
253,43,56,0
254,43,57,0
255,43,58,0
256,43,59,7
257,43,60,14
258,43,61,24
259,43,62,0
260,43,63,17
261,43,64,0
262,43,65,12
263,43,66,4
264,43,67,0
265,43,68,0
266,43,69,0
267,43,70,0
268,43,71,0
269,43,72,0
270,43,73,0
271,43,74,0
272,44,7,0
273,44,8,0
274,44,9,0
275,44,10,0
276,44,11,12
277,44,12,0
278,44,13,4
279,44,14,0
280,44,15,0
281,44,16,2
282,44,17,0
283,44,18,0
284,44,19,0
285,44,20,0
286,44,21,2
287,44,22,5
288,44,23,0
289,44,24,0
290,44,25,0
291,44,26,0
292,44,27,2
293,44,28,4
294,44,29,0
295,44,30,0
296,44,31,1
297,44,32,4
298,44,33,1
299,44,34,0
300,44,35,0
301,44,36,0
302,44,37,0
303,44,38,2
304,44,39,0
305,44,40,0
306,44,41,0
307,44,42,0
308,44,43,2
309,44,44,0
310,44,45,0
311,44,46,0
312,44,47,0
313,44,48,5
314,44,49,1
315,44,50,20
316,44,51,8
317,44,52,4
318,44,53,0
319,44,54,0
320,44,55,0
321,44,56,0
322,44,57,4
323,44,58,0
324,44,59,2
325,44,60,19
326,44,61,24
327,44,62,0
328,44,63,0
329,44,64,0
330,44,65,0
331,44,66,1
332,44,67,4
333,44,68,2
334,44,69,1
335,44,70,0
336,44,71,0
337,44,72,0
338,44,73,0
339,44,74,0
340,45,7,0
341,45,8,0
342,45,9,0
343,45,10,0
344,45,11,0
345,45,12,0
346,45,13,0
347,45,14,0
348,45,15,0
349,45,16,0
350,45,17,0
351,45,18,0
352,45,19,3
353,45,20,1
354,45,21,5
355,45,22,0
356,45,23,0
357,45,24,0
358,45,25,4
359,45,26,4
360,45,27,0
361,45,28,0
362,45,29,0
363,45,30,0
364,45,31,3
365,45,32,14
366,45,33,0
367,45,34,0
368,45,35,0
369,45,36,1
370,45,37,0
371,45,38,1
372,45,39,0
373,45,40,0
374,45,41,0
375,45,42,0
376,45,43,0
377,45,44,0
378,45,45,0
379,45,46,0
380,45,47,6
381,45,48,9
382,45,49,0
383,45,50,1
384,45,51,0
385,45,52,0
386,45,53,0
387,45,54,0
388,45,55,0
389,45,56,0
390,45,57,0
391,45,58,11
392,45,59,21
393,45,60,14
394,45,61,24
395,45,62,0
396,45,63,4
397,45,64,3
398,45,65,11
399,45,66,0
400,45,67,0
401,45,68,0
402,45,69,0
403,45,70,0
404,45,71,0
405,45,72,0
406,45,73,0
407,45,74,0
408,46,7,0
409,46,8,0
410,46,9,0
411,46,10,0
412,46,11,0
413,46,12,0
414,46,13,0
415,46,14,0
416,46,15,0
417,46,16,0
418,46,17,0
419,46,18,0
420,46,19,0
421,46,20,0
422,46,21,0
423,46,22,1
424,46,23,0
425,46,24,0
426,46,25,5
427,46,26,10
428,46,27,2
429,46,28,0
430,46,29,0
431,46,30,0
432,46,31,0
433,46,32,2
434,46,33,0
435,46,34,0
436,46,35,0
437,46,36,1
438,46,37,0
439,46,38,0
440,46,39,0
441,46,40,0
442,46,41,0
443,46,42,2
444,46,43,0
445,46,44,0
446,46,45,2
447,46,46,0
448,46,47,0
449,46,48,0
450,46,49,1
451,46,50,0
452,46,51,0
453,46,52,1
454,46,53,1
455,46,54,0
456,46,55,0
457,46,56,0
458,46,57,0
459,46,58,5
460,46,59,7
461,46,60,13
462,46,61,11
463,46,62,0
464,46,63,0
465,46,64,0
466,46,65,2
467,46,66,0
468,46,67,0
469,46,68,0
470,46,69,0
471,46,70,0
472,46,71,0
473,46,72,0
474,46,73,0
475,46,74,0
476,47,7,0
477,47,8,0
478,47,9,0
479,47,10,0
480,47,11,0
481,47,12,0
482,47,13,0
483,47,14,0
484,47,15,0
485,47,16,0
486,47,17,0
487,47,18,0
488,47,19,0
489,47,20,1
490,47,21,0
491,47,22,0
492,47,23,0
493,47,24,0
494,47,25,4
495,47,26,34
496,47,27,21
497,47,28,0
498,47,29,0
499,47,30,0
500,47,31,0
501,47,32,0
502,47,33,3
503,47,34,0
504,47,35,0
505,47,36,5
506,47,37,5
507,47,38,4
508,47,39,1
509,47,40,0
510,47,41,0
511,47,42,0
512,47,43,0
513,47,44,0
514,47,45,0
515,47,46,0
516,47,47,0
517,47,48,2
518,47,49,0
519,47,50,0
520,47,51,0
521,47,52,0
522,47,53,0
523,47,54,0
524,47,55,1
525,47,56,0
526,47,57,3
527,47,58,15
528,47,59,25
529,47,60,0
530,47,61,0
531,47,62,1
532,47,63,0
533,47,64,0
534,47,65,0
535,47,66,0
536,47,67,0
537,47,68,0
538,47,69,0
539,47,70,0
540,47,71,0
541,47,72,0
542,47,73,0
543,47,74,0
544,48,7,0
545,48,8,0
546,48,9,0
547,48,10,0
548,48,11,0
549,48,12,0
550,48,13,0
551,48,14,0
552,48,15,0
553,48,16,0
554,48,17,0
555,48,18,0
556,48,19,1
557,48,20,0
558,48,21,0
559,48,22,0
560,48,23,0
561,48,24,0
562,48,25,11
563,48,26,25
564,48,27,1
565,48,28,0
566,48,29,0
567,48,30,0
568,48,31,0
569,48,32,6
570,48,33,3
571,48,34,0
572,48,35,0
573,48,36,0
574,48,37,2
575,48,38,0
576,48,39,0
577,48,40,4
578,48,41,7
579,48,42,0
580,48,43,1
581,48,44,0
582,48,45,9
583,48,46,0
584,48,47,1
585,48,48,6
586,48,49,0
587,48,50,0
588,48,51,0
589,48,52,0
590,48,53,0
591,48,54,0
592,48,55,8
593,48,56,8
594,48,57,10
595,48,58,52
596,48,59,100
597,48,60,11
598,48,61,0
599,48,62,0
600,48,63,1
601,48,64,0
602,48,65,0
603,48,66,1
604,48,67,0
605,48,68,0
606,48,69,0
607,48,70,0
608,48,71,0
609,48,72,0
610,48,73,0
611,48,74,0
612,49,7,0
613,49,8,0
614,49,9,0
615,49,10,0
616,49,11,0
617,49,12,19
618,49,13,4
619,49,14,0
620,49,15,0
621,49,16,0
622,49,17,0
623,49,18,0
624,49,19,0
625,49,20,1
626,49,21,2
627,49,22,0
628,49,23,0
629,49,24,0
630,49,25,0
631,49,26,4
632,49,27,1
633,49,28,1
634,49,29,2
635,49,30,0
636,49,31,2
637,49,32,22
638,49,33,9
639,49,34,7
640,49,35,1
641,49,36,0
642,49,37,0
643,49,38,0
644,49,39,0
645,49,40,16
646,49,41,0
647,49,42,4
648,49,43,15
649,49,44,26
650,49,45,43
651,49,46,15
652,49,47,3
653,49,48,4
654,49,49,0
655,49,50,0
656,49,51,0
657,49,52,0
658,49,53,0
659,49,54,0
660,49,55,0
661,49,56,0
662,49,57,5
663,49,58,26
664,49,59,0
665,49,60,0
666,49,61,0
667,49,62,2
668,49,63,3
669,49,64,0
670,49,65,2
671,49,66,0
672,49,67,0
673,49,68,0
674,49,69,0
675,49,70,2
676,49,71,0
677,49,72,0
678,49,73,0
679,49,74,0
680,50,7,0
681,50,8,0
682,50,9,0
683,50,10,0
684,50,11,0
685,50,12,1
686,50,13,0
687,50,14,0
688,50,15,0
689,50,16,0
690,50,17,0
691,50,18,0
692,50,19,0
693,50,20,0
694,50,21,5
695,50,22,3
696,50,23,0
697,50,24,2
698,50,25,1
699,50,26,1
700,50,27,1
701,50,28,0
702,50,29,0
703,50,30,0
704,50,31,0
705,50,32,30
706,50,33,13
707,50,34,14
708,50,35,0
709,50,36,0
710,50,37,0
711,50,38,0
712,50,39,0
713,50,40,12
714,50,41,20
715,50,42,0
716,50,43,81
717,50,44,254
718,50,45,209
719,50,46,57
720,50,47,15
721,50,48,8
722,50,49,4
723,50,50,2
724,50,51,0
725,50,52,0
726,50,53,0
727,50,54,3
728,50,55,3
729,50,56,1
730,50,57,0
731,50,58,0
732,50,59,0
733,50,60,0
734,50,61,0
735,50,62,9
736,50,63,5
737,50,64,8
738,50,65,0
739,50,66,0
740,50,67,2
741,50,68,0
742,50,69,1
743,50,70,0
744,50,71,0
745,50,72,0
746,50,73,0
747,50,74,0
748,51,7,0
749,51,8,0
750,51,9,0
751,51,10,0
752,51,11,0
753,51,12,0
754,51,13,0
755,51,14,0
756,51,15,0
757,51,16,1
758,51,17,4
759,51,18,0
760,51,19,0
761,51,20,0
762,51,21,0
763,51,22,0
764,51,23,0
765,51,24,1
766,51,25,7
767,51,26,8
768,51,27,0
769,51,28,8
770,51,29,0
771,51,30,0
772,51,31,0
773,51,32,0
774,51,33,2
775,51,34,2
776,51,35,1
777,51,36,6
778,51,37,0
779,51,38,0
780,51,39,2
781,51,40,0
782,51,41,0
783,51,42,8
784,51,43,33
785,51,44,88
786,51,45,372
787,51,46,67
788,51,47,12
789,51,48,3
790,51,49,0
791,51,50,0
792,51,51,0
793,51,52,0
794,51,53,0
795,51,54,0
796,51,55,0
797,51,56,0
798,51,57,0
799,51,58,0
800,51,59,0
801,51,60,2
802,51,61,0
803,51,62,1
804,51,63,0
805,51,64,0
806,51,65,0
807,51,66,0
808,51,67,8
809,51,68,1
810,51,69,0
811,51,70,0
812,51,71,0
813,51,72,0
814,51,73,0
815,51,74,0
816,52,7,0
817,52,8,1
818,52,9,0
819,52,10,0
820,52,11,0
821,52,12,0
822,52,13,0
823,52,14,0
824,52,15,0
825,52,16,0
826,52,17,0
827,52,18,0
828,52,19,0
829,52,20,0
830,52,21,0
831,52,22,0
832,52,23,1
833,52,24,0
834,52,25,0
835,52,26,3
836,52,27,7
837,52,28,1
838,52,29,0
839,52,30,0
840,52,31,8
841,52,32,0
842,52,33,0
843,52,34,0
844,52,35,6
845,52,36,9
846,52,37,6
847,52,38,1
848,52,39,49
849,52,40,0
850,52,41,28
851,52,42,0
852,52,43,21
853,52,44,30
854,52,45,13
855,52,46,14
856,52,47,7
857,52,48,0
858,52,49,0
859,52,50,0
860,52,51,0
861,52,52,0
862,52,53,0
863,52,54,0
864,52,55,0
865,52,56,0
866,52,57,0
867,52,58,0
868,52,59,2
869,52,60,0
870,52,61,0
871,52,62,4
872,52,63,0
873,52,64,1
874,52,65,0
875,52,66,0
876,52,67,0
877,52,68,1
878,52,69,0
879,52,70,0
880,52,71,0
881,52,72,0
882,52,73,0
883,52,74,0
884,53,7,0
885,53,8,0
886,53,9,0
887,53,10,0
888,53,11,0
889,53,12,0
890,53,13,1
891,53,14,0
892,53,15,0
893,53,16,0
894,53,17,0
895,53,18,0
896,53,19,0
897,53,20,0
898,53,21,0
899,53,22,0
900,53,23,1
901,53,24,0
902,53,25,0
903,53,26,0
904,53,27,6
905,53,28,13
906,53,29,14
907,53,30,9
908,53,31,8
909,53,32,22
910,53,33,3
911,53,34,3
912,53,35,3
913,53,36,20
914,53,37,6
915,53,38,0
916,53,39,0
917,53,40,1
918,53,41,0
919,53,42,0
920,53,43,4
921,53,44,0
922,53,45,8
923,53,46,0
924,53,47,0
925,53,48,0
926,53,49,0
927,53,50,0
928,53,51,0
929,53,52,0
930,53,53,0
931,53,54,0
932,53,55,0
933,53,56,0
934,53,57,0
935,53,58,1
936,53,59,0
937,53,60,2
938,53,61,0
939,53,62,1
940,53,63,0
941,53,64,0
942,53,65,0
943,53,66,0
944,53,67,0
945,53,68,0
946,53,69,0
947,53,70,0
948,53,71,0
949,53,72,0
950,53,73,0
951,53,74,0
952,54,7,0
953,54,8,0
954,54,9,0
955,54,10,0
956,54,11,0
957,54,12,0
958,54,13,0
959,54,14,0
960,54,15,0
961,54,16,0
962,54,17,0
963,54,18,0
964,54,19,0
965,54,20,0
966,54,21,0
967,54,22,0
968,54,23,0
969,54,24,0
970,54,25,1
971,54,26,0
972,54,27,0
973,54,28,0
974,54,29,127
975,54,30,31
976,54,31,35
977,54,32,7
978,54,33,1
979,54,34,10
980,54,35,3
981,54,36,0
982,54,37,1
983,54,38,0
984,54,39,4
985,54,40,0
986,54,41,4
987,54,42,0
988,54,43,1
989,54,44,17
990,54,45,7
991,54,46,2
992,54,47,0
993,54,48,0
994,54,49,1
995,54,50,0
996,54,51,0
997,54,52,0
998,54,53,0
999,54,54,0
1000,54,55,0
1001,54,56,0
1002,54,57,0
1003,54,58,0
1004,54,59,0
1005,54,60,0
1006,54,61,22
1007,54,62,0
1008,54,63,8
1009,54,64,0
1010,54,65,0
1011,54,66,0
1012,54,67,0
1013,54,68,0
1014,54,69,0
1015,54,70,0
1016,54,71,0
1017,54,72,0
1018,54,73,0
1019,54,74,0
1020,55,7,0
1021,55,8,0
1022,55,9,0
1023,55,10,0
1024,55,11,0
1025,55,12,0
1026,55,13,0
1027,55,14,0
1028,55,15,0
1029,55,16,0
1030,55,17,0
1031,55,18,0
1032,55,19,0
1033,55,20,2
1034,55,21,0
1035,55,22,0
1036,55,23,0
1037,55,24,0
1038,55,25,0
1039,55,26,6
1040,55,27,0
1041,55,28,26
1042,55,29,79
1043,55,30,369
1044,55,31,108
1045,55,32,13
1046,55,33,35
1047,55,34,0
1048,55,35,0
1049,55,36,0
1050,55,37,0
1051,55,38,0
1052,55,39,0
1053,55,40,0
1054,55,41,0
1055,55,42,0
1056,55,43,0
1057,55,44,4
1058,55,45,2
1059,55,46,0
1060,55,47,0
1061,55,48,0
1062,55,49,0
1063,55,50,0
1064,55,51,0
1065,55,52,0
1066,55,53,0
1067,55,54,0
1068,55,55,0
1069,55,56,0
1070,55,57,0
1071,55,58,0
1072,55,59,0
1073,55,60,0
1074,55,61,0
1075,55,62,13
1076,55,63,1
1077,55,64,8
1078,55,65,1
1079,55,66,0
1080,55,67,0
1081,55,68,0
1082,55,69,0
1083,55,70,0
1084,55,71,1
1085,55,72,0
1086,55,73,0
1087,55,74,0
1088,56,7,0
1089,56,8,0
1090,56,9,0
1091,56,10,0
1092,56,11,1
1093,56,12,0
1094,56,13,0
1095,56,14,0
1096,56,15,3
1097,56,16,0
1098,56,17,0
1099,56,18,0
1100,56,19,0
1101,56,20,2
1102,56,21,3
1103,56,22,0
1104,56,23,0
1105,56,24,0
1106,56,25,0
1107,56,26,20
1108,56,27,11
1109,56,28,32
1110,56,29,136
1111,56,30,359
1112,56,31,84
1113,56,32,3
1114,56,33,6
1115,56,34,0
1116,56,35,2
1117,56,36,0
1118,56,37,0
1119,56,38,0
1120,56,39,0
1121,56,40,0
1122,56,41,0
1123,56,42,1
1124,56,43,4
1125,56,44,5
1126,56,45,0
1127,56,46,0
1128,56,47,0
1129,56,48,0
1130,56,49,1
1131,56,50,0
1132,56,51,0
1133,56,52,0
1134,56,53,2
1135,56,54,0
1136,56,55,1
1137,56,56,0
1138,56,57,1
1139,56,58,2
1140,56,59,8
1141,56,60,8
1142,56,61,6
1143,56,62,0
1144,56,63,0
1145,56,64,0
1146,56,65,0
1147,56,66,1
1148,56,67,0
1149,56,68,0
1150,56,69,0
1151,56,70,0
1152,56,71,0
1153,56,72,0
1154,56,73,0
1155,56,74,0
1156,57,7,0
1157,57,8,0
1158,57,9,0
1159,57,10,0
1160,57,11,0
1161,57,12,0
1162,57,13,0
1163,57,14,0
1164,57,15,0
1165,57,16,3
1166,57,17,0
1167,57,18,0
1168,57,19,0
1169,57,20,0
1170,57,21,2
1171,57,22,0
1172,57,23,0
1173,57,24,1
1174,57,25,8
1175,57,26,0
1176,57,27,7
1177,57,28,0
1178,57,29,44
1179,57,30,127
1180,57,31,120
1181,57,32,8
1182,57,33,0
1183,57,34,3
1184,57,35,0
1185,57,36,5
1186,57,37,1
1187,57,38,0
1188,57,39,0
1189,57,40,0
1190,57,41,0
1191,57,42,5
1192,57,43,11
1193,57,44,0
1194,57,45,0
1195,57,46,0
1196,57,47,0
1197,57,48,0
1198,57,49,0
1199,57,50,0
1200,57,51,2
1201,57,52,9
1202,57,53,0
1203,57,54,18
1204,57,55,4
1205,57,56,19
1206,57,57,5
1207,57,58,4
1208,57,59,0
1209,57,60,0
1210,57,61,0
1211,57,62,0
1212,57,63,0
1213,57,64,0
1214,57,65,8
1215,57,66,0
1216,57,67,0
1217,57,68,0
1218,57,69,0
1219,57,70,0
1220,57,71,0
1221,57,72,0
1222,57,73,0
1223,57,74,0
1224,58,7,0
1225,58,8,0
1226,58,9,0
1227,58,10,0
1228,58,11,0
1229,58,12,0
1230,58,13,0
1231,58,14,0
1232,58,15,0
1233,58,16,2
1234,58,17,0
1235,58,18,0
1236,58,19,0
1237,58,20,0
1238,58,21,0
1239,58,22,0
1240,58,23,0
1241,58,24,2
1242,58,25,12
1243,58,26,0
1244,58,27,0
1245,58,28,0
1246,58,29,40
1247,58,30,66
1248,58,31,93
1249,58,32,15
1250,58,33,2
1251,58,34,0
1252,58,35,0
1253,58,36,3
1254,58,37,1
1255,58,38,0
1256,58,39,0
1257,58,40,0
1258,58,41,0
1259,58,42,12
1260,58,43,4
1261,58,44,3
1262,58,45,0
1263,58,46,0
1264,58,47,0
1265,58,48,0
1266,58,49,0
1267,58,50,0
1268,58,51,1
1269,58,52,9
1270,58,53,4
1271,58,54,2
1272,58,55,10
1273,58,56,7
1274,58,57,0
1275,58,58,0
1276,58,59,0
1277,58,60,0
1278,58,61,0
1279,58,62,1
1280,58,63,0
1281,58,64,0
1282,58,65,0
1283,58,66,0
1284,58,67,0
1285,58,68,0
1286,58,69,0
1287,58,70,3
1288,58,71,0
1289,58,72,0
1290,58,73,0
1291,58,74,0
1292,59,7,0
1293,59,8,0
1294,59,9,0
1295,59,10,0
1296,59,11,0
1297,59,12,0
1298,59,13,0
1299,59,14,0
1300,59,15,0
1301,59,16,0
1302,59,17,2
1303,59,18,0
1304,59,19,0
1305,59,20,0
1306,59,21,0
1307,59,22,0
1308,59,23,5
1309,59,24,0
1310,59,25,4
1311,59,26,4
1312,59,27,0
1313,59,28,0
1314,59,29,0
1315,59,30,4
1316,59,31,3
1317,59,32,0
1318,59,33,0
1319,59,34,3
1320,59,35,0
1321,59,36,0
1322,59,37,0
1323,59,38,8
1324,59,39,3
1325,59,40,0
1326,59,41,2
1327,59,42,0
1328,59,43,2
1329,59,44,0
1330,59,45,0
1331,59,46,0
1332,59,47,0
1333,59,48,0
1334,59,49,20
1335,59,50,6
1336,59,51,6
1337,59,52,6
1338,59,53,0
1339,59,54,0
1340,59,55,3
1341,59,56,5
1342,59,57,3
1343,59,58,0
1344,59,59,2
1345,59,60,0
1346,59,61,0
1347,59,62,7
1348,59,63,0
1349,59,64,0
1350,59,65,0
1351,59,66,0
1352,59,67,0
1353,59,68,0
1354,59,69,0
1355,59,70,0
1356,59,71,0
1357,59,72,1
1358,59,73,1
1359,59,74,0
1360,60,7,0
1361,60,8,0
1362,60,9,0
1363,60,10,0
1364,60,11,0
1365,60,12,0
1366,60,13,0
1367,60,14,0
1368,60,15,0
1369,60,16,0
1370,60,17,2
1371,60,18,5
1372,60,19,0
1373,60,20,0
1374,60,21,0
1375,60,22,8
1376,60,23,19
1377,60,24,0
1378,60,25,0
1379,60,26,2
1380,60,27,1
1381,60,28,0
1382,60,29,0
1383,60,30,0
1384,60,31,0
1385,60,32,2
1386,60,33,0
1387,60,34,0
1388,60,35,0
1389,60,36,0
1390,60,37,3
1391,60,38,54
1392,60,39,11
1393,60,40,10
1394,60,41,3
1395,60,42,0
1396,60,43,0
1397,60,44,0
1398,60,45,0
1399,60,46,0
1400,60,47,0
1401,60,48,3
1402,60,49,6
1403,60,50,12
1404,60,51,5
1405,60,52,0
1406,60,53,6
1407,60,54,0
1408,60,55,1
1409,60,56,4
1410,60,57,1
1411,60,58,4
1412,60,59,4
1413,60,60,10
1414,60,61,12
1415,60,62,0
1416,60,63,0
1417,60,64,0
1418,60,65,0
1419,60,66,0
1420,60,67,0
1421,60,68,0
1422,60,69,0
1423,60,70,0
1424,60,71,0
1425,60,72,1
1426,60,73,0
1427,60,74,0
1428,61,7,0
1429,61,8,0
1430,61,9,0
1431,61,10,0
1432,61,11,0
1433,61,12,0
1434,61,13,0
1435,61,14,0
1436,61,15,0
1437,61,16,0
1438,61,17,6
1439,61,18,2
1440,61,19,0
1441,61,20,4
1442,61,21,6
1443,61,22,6
1444,61,23,0
1445,61,24,0
1446,61,25,0
1447,61,26,6
1448,61,27,0
1449,61,28,1
1450,61,29,2
1451,61,30,0
1452,61,31,0
1453,61,32,9
1454,61,33,4
1455,61,34,13
1456,61,35,2
1457,61,36,0
1458,61,37,13
1459,61,38,0
1460,61,39,0
1461,61,40,10
1462,61,41,1
1463,61,42,0
1464,61,43,0
1465,61,44,0
1466,61,45,0
1467,61,46,0
1468,61,47,2
1469,61,48,1
1470,61,49,2
1471,61,50,7
1472,61,51,11
1473,61,52,13
1474,61,53,22
1475,61,54,5
1476,61,55,2
1477,61,56,22
1478,61,57,13
1479,61,58,0
1480,61,59,14
1481,61,60,24
1482,61,61,3
1483,61,62,0
1484,61,63,0
1485,61,64,0
1486,61,65,0
1487,61,66,0
1488,61,67,1
1489,61,68,0
1490,61,69,0
1491,61,70,0
1492,61,71,0
1493,61,72,0
1494,61,73,0
1495,61,74,1
1496,62,7,0
1497,62,8,0
1498,62,9,0
1499,62,10,0
1500,62,11,0
1501,62,12,0
1502,62,13,0
1503,62,14,0
1504,62,15,0
1505,62,16,0
1506,62,17,0
1507,62,18,15
1508,62,19,1
1509,62,20,3
1510,62,21,4
1511,62,22,1
1512,62,23,0
1513,62,24,6
1514,62,25,3
1515,62,26,0
1516,62,27,1
1517,62,28,1
1518,62,29,1
1519,62,30,4
1520,62,31,4
1521,62,32,0
1522,62,33,0
1523,62,34,6
1524,62,35,0
1525,62,36,0
1526,62,37,1
1527,62,38,4
1528,62,39,3
1529,62,40,1
1530,62,41,2
1531,62,42,0
1532,62,43,0
1533,62,44,1
1534,62,45,5
1535,62,46,8
1536,62,47,7
1537,62,48,0
1538,62,49,5
1539,62,50,0
1540,62,51,31
1541,62,52,57
1542,62,53,204
1543,62,54,270
1544,62,55,224
1545,62,56,120
1546,62,57,25
1547,62,58,4
1548,62,59,0
1549,62,60,0
1550,62,61,0
1551,62,62,1
1552,62,63,0
1553,62,64,0
1554,62,65,0
1555,62,66,0
1556,62,67,0
1557,62,68,0
1558,62,69,0
1559,62,70,0
1560,62,71,0
1561,62,72,0
1562,62,73,0
1563,62,74,0
1564,63,7,0
1565,63,8,0
1566,63,9,0
1567,63,10,0
1568,63,11,4
1569,63,12,0
1570,63,13,0
1571,63,14,0
1572,63,15,0
1573,63,16,0
1574,63,17,0
1575,63,18,0
1576,63,19,0
1577,63,20,0
1578,63,21,1
1579,63,22,0
1580,63,23,0
1581,63,24,3
1582,63,25,4
1583,63,26,2
1584,63,27,5
1585,63,28,2
1586,63,29,2
1587,63,30,6
1588,63,31,2
1589,63,32,0
1590,63,33,2
1591,63,34,7
1592,63,35,26
1593,63,36,0
1594,63,37,18
1595,63,38,10
1596,63,39,6
1597,63,40,3
1598,63,41,0
1599,63,42,0
1600,63,43,0
1601,63,44,1
1602,63,45,42
1603,63,46,19
1604,63,47,5
1605,63,48,1
1606,63,49,2
1607,63,50,7
1608,63,51,0
1609,63,52,35
1610,63,53,49
1611,63,54,112
1612,63,55,46
1613,63,56,16
1614,63,57,22
1615,63,58,18
1616,63,59,40
1617,63,60,21
1618,63,61,0
1619,63,62,0
1620,63,63,0
1621,63,64,0
1622,63,65,2
1623,63,66,2
1624,63,67,0
1625,63,68,0
1626,63,69,2
1627,63,70,0
1628,63,71,0
1629,63,72,0
1630,63,73,0
1631,63,74,0
1632,64,7,0
1633,64,8,0
1634,64,9,0
1635,64,10,0
1636,64,11,0
1637,64,12,0
1638,64,13,0
1639,64,14,0
1640,64,15,0
1641,64,16,0
1642,64,17,0
1643,64,18,0
1644,64,19,0
1645,64,20,2
1646,64,21,0
1647,64,22,0
1648,64,23,0
1649,64,24,0
1650,64,25,1
1651,64,26,1
1652,64,27,2
1653,64,28,2
1654,64,29,0
1655,64,30,0
1656,64,31,0
1657,64,32,13
1658,64,33,4
1659,64,34,3
1660,64,35,119
1661,64,36,64
1662,64,37,3
1663,64,38,9
1664,64,39,1
1665,64,40,0
1666,64,41,0
1667,64,42,18
1668,64,43,17
1669,64,44,31
1670,64,45,5
1671,64,46,16
1672,64,47,0
1673,64,48,0
1674,64,49,0
1675,64,50,0
1676,64,51,3
1677,64,52,0
1678,64,53,2
1679,64,54,4
1680,64,55,0
1681,64,56,3
1682,64,57,5
1683,64,58,22
1684,64,59,4
1685,64,60,0
1686,64,61,0
1687,64,62,0
1688,64,63,0
1689,64,64,0
1690,64,65,0
1691,64,66,5
1692,64,67,33
1693,64,68,1
1694,64,69,0
1695,64,70,1
1696,64,71,0
1697,64,72,0
1698,64,73,0
1699,64,74,1
1700,65,7,0
1701,65,8,0
1702,65,9,0
1703,65,10,0
1704,65,11,0
1705,65,12,0
1706,65,13,0
1707,65,14,0
1708,65,15,3
1709,65,16,0
1710,65,17,2
1711,65,18,0
1712,65,19,0
1713,65,20,0
1714,65,21,0
1715,65,22,0
1716,65,23,0
1717,65,24,0
1718,65,25,0
1719,65,26,0
1720,65,27,0
1721,65,28,2
1722,65,29,1
1723,65,30,0
1724,65,31,0
1725,65,32,4
1726,65,33,4
1727,65,34,35
1728,65,35,114
1729,65,36,49
1730,65,37,0
1731,65,38,3
1732,65,39,0
1733,65,40,0
1734,65,41,0
1735,65,42,47
1736,65,43,6
1737,65,44,1
1738,65,45,0
1739,65,46,1
1740,65,47,0
1741,65,48,0
1742,65,49,9
1743,65,50,0
1744,65,51,0
1745,65,52,6
1746,65,53,5
1747,65,54,0
1748,65,55,6
1749,65,56,0
1750,65,57,5
1751,65,58,5
1752,65,59,0
1753,65,60,14
1754,65,61,1
1755,65,62,10
1756,65,63,0
1757,65,64,1
1758,65,65,0
1759,65,66,18
1760,65,67,39
1761,65,68,18
1762,65,69,0
1763,65,70,0
1764,65,71,0
1765,65,72,0
1766,65,73,0
1767,65,74,5
1768,66,7,0
1769,66,8,0
1770,66,9,0
1771,66,10,0
1772,66,11,0
1773,66,12,0
1774,66,13,0
1775,66,14,0
1776,66,15,0
1777,66,16,0
1778,66,17,0
1779,66,18,0
1780,66,19,0
1781,66,20,0
1782,66,21,0
1783,66,22,0
1784,66,23,0
1785,66,24,0
1786,66,25,0
1787,66,26,3
1788,66,27,9
1789,66,28,0
1790,66,29,0
1791,66,30,8
1792,66,31,0
1793,66,32,0
1794,66,33,0
1795,66,34,7
1796,66,35,17
1797,66,36,3
1798,66,37,0
1799,66,38,0
1800,66,39,1
1801,66,40,0
1802,66,41,0
1803,66,42,37
1804,66,43,3
1805,66,44,0
1806,66,45,0
1807,66,46,3
1808,66,47,0
1809,66,48,1
1810,66,49,0
1811,66,50,9
1812,66,51,0
1813,66,52,0
1814,66,53,9
1815,66,54,0
1816,66,55,1
1817,66,56,0
1818,66,57,0
1819,66,58,0
1820,66,59,0
1821,66,60,0
1822,66,61,0
1823,66,62,0
1824,66,63,0
1825,66,64,2
1826,66,65,0
1827,66,66,0
1828,66,67,0
1829,66,68,0
1830,66,69,0
1831,66,70,0
1832,66,71,0
1833,66,72,0
1834,66,73,0
1835,66,74,0
1836,67,7,0
1837,67,8,0
1838,67,9,0
1839,67,10,0
1840,67,11,0
1841,67,12,0
1842,67,13,0
1843,67,14,0
1844,67,15,0
1845,67,16,0
1846,67,17,0
1847,67,18,0
1848,67,19,0
1849,67,20,0
1850,67,21,0
1851,67,22,0
1852,67,23,0
1853,67,24,4
1854,67,25,5
1855,67,26,0
1856,67,27,3
1857,67,28,6
1858,67,29,5
1859,67,30,0
1860,67,31,3
1861,67,32,4
1862,67,33,6
1863,67,34,14
1864,67,35,0
1865,67,36,0
1866,67,37,0
1867,67,38,3
1868,67,39,5
1869,67,40,1
1870,67,41,2
1871,67,42,0
1872,67,43,13
1873,67,44,0
1874,67,45,0
1875,67,46,1
1876,67,47,0
1877,67,48,10
1878,67,49,0
1879,67,50,0
1880,67,51,0
1881,67,52,0
1882,67,53,6
1883,67,54,0
1884,67,55,0
1885,67,56,0
1886,67,57,1
1887,67,58,0
1888,67,59,1
1889,67,60,0
1890,67,61,0
1891,67,62,0
1892,67,63,11
1893,67,64,0
1894,67,65,0
1895,67,66,0
1896,67,67,0
1897,67,68,3
1898,67,69,0
1899,67,70,0
1900,67,71,3
1901,67,72,0
1902,67,73,0
1903,67,74,0
1904,68,7,0
1905,68,8,0
1906,68,9,0
1907,68,10,0
1908,68,11,0
1909,68,12,0
1910,68,13,0
1911,68,14,1
1912,68,15,0
1913,68,16,1
1914,68,17,0
1915,68,18,1
1916,68,19,0
1917,68,20,0
1918,68,21,1
1919,68,22,0
1920,68,23,0
1921,68,24,5
1922,68,25,0
1923,68,26,0
1924,68,27,4
1925,68,28,4
1926,68,29,0
1927,68,30,0
1928,68,31,0
1929,68,32,0
1930,68,33,4
1931,68,34,0
1932,68,35,0
1933,68,36,0
1934,68,37,0
1935,68,38,2
1936,68,39,4
1937,68,40,18
1938,68,41,7
1939,68,42,27
1940,68,43,8
1941,68,44,0
1942,68,45,0
1943,68,46,14
1944,68,47,0
1945,68,48,0
1946,68,49,0
1947,68,50,0
1948,68,51,24
1949,68,52,0
1950,68,53,6
1951,68,54,1
1952,68,55,0
1953,68,56,0
1954,68,57,0
1955,68,58,5
1956,68,59,0
1957,68,60,0
1958,68,61,0
1959,68,62,11
1960,68,63,3
1961,68,64,9
1962,68,65,24
1963,68,66,10
1964,68,67,7
1965,68,68,0
1966,68,69,0
1967,68,70,0
1968,68,71,0
1969,68,72,0
1970,68,73,0
1971,68,74,0
1972,69,7,0
1973,69,8,0
1974,69,9,0
1975,69,10,0
1976,69,11,0
1977,69,12,0
1978,69,13,0
1979,69,14,2
1980,69,15,0
1981,69,16,1
1982,69,17,1
1983,69,18,10
1984,69,19,4
1985,69,20,3
1986,69,21,0
1987,69,22,9
1988,69,23,3
1989,69,24,1
1990,69,25,0
1991,69,26,3
1992,69,27,1
1993,69,28,0
1994,69,29,0
1995,69,30,0
1996,69,31,0
1997,69,32,0
1998,69,33,0
1999,69,34,0
2000,69,35,0
2001,69,36,7
2002,69,37,21
2003,69,38,14
2004,69,39,0
2005,69,40,6
2006,69,41,0
2007,69,42,4
2008,69,43,0
2009,69,44,1
2010,69,45,0
2011,69,46,0
2012,69,47,0
2013,69,48,13
2014,69,49,0
2015,69,50,0
2016,69,51,0
2017,69,52,0
2018,69,53,4
2019,69,54,3
2020,69,55,6
2021,69,56,0
2022,69,57,13
2023,69,58,21
2024,69,59,7
2025,69,60,0
2026,69,61,0
2027,69,62,0
2028,69,63,2
2029,69,64,0
2030,69,65,0
2031,69,66,23
2032,69,67,5
2033,69,68,0
2034,69,69,0
2035,69,70,0
2036,69,71,0
2037,69,72,0
2038,69,73,0
2039,69,74,0
2040,70,7,0
2041,70,8,0
2042,70,9,0
2043,70,10,0
2044,70,11,0
2045,70,12,0
2046,70,13,0
2047,70,14,0
2048,70,15,1
2049,70,16,0
2050,70,17,0
2051,70,18,7
2052,70,19,12
2053,70,20,7
2054,70,21,0
2055,70,22,0
2056,70,23,0
2057,70,24,0
2058,70,25,0
2059,70,26,0
2060,70,27,0
2061,70,28,0
2062,70,29,0
2063,70,30,0
2064,70,31,0
2065,70,32,0
2066,70,33,3
2067,70,34,0
2068,70,35,0
2069,70,36,23
2070,70,37,53
2071,70,38,5
2072,70,39,0
2073,70,40,2
2074,70,41,6
2075,70,42,14
2076,70,43,28
2077,70,44,17
2078,70,45,0
2079,70,46,0
2080,70,47,0
2081,70,48,0
2082,70,49,4
2083,70,50,0
2084,70,51,61
2085,70,52,0
2086,70,53,3
2087,70,54,0
2088,70,55,4
2089,70,56,0
2090,70,57,22
2091,70,58,6
2092,70,59,5
2093,70,60,0
2094,70,61,0
2095,70,62,0
2096,70,63,0
2097,70,64,0
2098,70,65,2
2099,70,66,0
2100,70,67,3
2101,70,68,1
2102,70,69,0
2103,70,70,0
2104,70,71,2
2105,70,72,0
2106,70,73,0
2107,70,74,0
2108,71,7,0
2109,71,8,0
2110,71,9,0
2111,71,10,0
2112,71,11,0
2113,71,12,1
2114,71,13,1
2115,71,14,0
2116,71,15,1
2117,71,16,3
2118,71,17,0
2119,71,18,0
2120,71,19,3
2121,71,20,0
2122,71,21,0
2123,71,22,0
2124,71,23,0
2125,71,24,0
2126,71,25,0
2127,71,26,0
2128,71,27,0
2129,71,28,0
2130,71,29,0
2131,71,30,0
2132,71,31,0
2133,71,32,2
2134,71,33,0
2135,71,34,0
2136,71,35,0
2137,71,36,4
2138,71,37,8
2139,71,38,0
2140,71,39,0
2141,71,40,5
2142,71,41,77
2143,71,42,39
2144,71,43,6
2145,71,44,0
2146,71,45,0
2147,71,46,1
2148,71,47,7
2149,71,48,0
2150,71,49,0
2151,71,50,0
2152,71,51,0
2153,71,52,0
2154,71,53,3
2155,71,54,30
2156,71,55,7
2157,71,56,10
2158,71,57,23
2159,71,58,14
2160,71,59,19
2161,71,60,1
2162,71,61,0
2163,71,62,0
2164,71,63,0
2165,71,64,0
2166,71,65,5
2167,71,66,0
2168,71,67,1
2169,71,68,0
2170,71,69,0
2171,71,70,0
2172,71,71,0
2173,71,72,0
2174,71,73,0
2175,71,74,0
2176,72,7,0
2177,72,8,0
2178,72,9,0
2179,72,10,0
2180,72,11,0
2181,72,12,0
2182,72,13,0
2183,72,14,0
2184,72,15,0
2185,72,16,0
2186,72,17,0
2187,72,18,0
2188,72,19,0
2189,72,20,0
2190,72,21,0
2191,72,22,0
2192,72,23,0
2193,72,24,0
2194,72,25,0
2195,72,26,0
2196,72,27,0
2197,72,28,0
2198,72,29,0
2199,72,30,0
2200,72,31,0
2201,72,32,9
2202,72,33,0
2203,72,34,0
2204,72,35,0
2205,72,36,20
2206,72,37,38
2207,72,38,20
2208,72,39,4
2209,72,40,8
2210,72,41,95
2211,72,42,12
2212,72,43,7
2213,72,44,0
2214,72,45,1
2215,72,46,6
2216,72,47,0
2217,72,48,4
2218,72,49,0
2219,72,50,0
2220,72,51,0
2221,72,52,6
2222,72,53,4
2223,72,54,9
2224,72,55,0
2225,72,56,20
2226,72,57,12
2227,72,58,11
2228,72,59,36
2229,72,60,1
2230,72,61,0
2231,72,62,0
2232,72,63,0
2233,72,64,0
2234,72,65,0
2235,72,66,0
2236,72,67,0
2237,72,68,0
2238,72,69,0
2239,72,70,0
2240,72,71,1
2241,72,72,0
2242,72,73,0
2243,72,74,1
2244,73,7,0
2245,73,8,0
2246,73,9,0
2247,73,10,0
2248,73,11,0
2249,73,12,0
2250,73,13,0
2251,73,14,0
2252,73,15,0
2253,73,16,0
2254,73,17,0
2255,73,18,0
2256,73,19,0
2257,73,20,3
2258,73,21,0
2259,73,22,6
2260,73,23,8
2261,73,24,4
2262,73,25,0
2263,73,26,0
2264,73,27,0
2265,73,28,0
2266,73,29,0
2267,73,30,0
2268,73,31,1
2269,73,32,0
2270,73,33,0
2271,73,34,0
2272,73,35,9
2273,73,36,17
2274,73,37,4
2275,73,38,0
2276,73,39,51
2277,73,40,10
2278,73,41,4
2279,73,42,0
2280,73,43,0
2281,73,44,0
2282,73,45,0
2283,73,46,0
2284,73,47,0
2285,73,48,0
2286,73,49,0
2287,73,50,0
2288,73,51,0
2289,73,52,1
2290,73,53,7
2291,73,54,83
2292,73,55,42
2293,73,56,29
2294,73,57,1
2295,73,58,0
2296,73,59,3
2297,73,60,1
2298,73,61,1
2299,73,62,4
2300,73,63,0
2301,73,64,0
2302,73,65,0
2303,73,66,0
2304,73,67,0
2305,73,68,5
2306,73,69,0
2307,73,70,0
2308,73,71,2
2309,73,72,0
2310,73,73,0
2311,73,74,0
2312,74,7,0
2313,74,8,0
2314,74,9,0
2315,74,10,0
2316,74,11,0
2317,74,12,0
2318,74,13,0
2319,74,14,0
2320,74,15,0
2321,74,16,1
2322,74,17,13
2323,74,18,0
2324,74,19,4
2325,74,20,5
2326,74,21,11
2327,74,22,13
2328,74,23,8
2329,74,24,10
2330,74,25,0
2331,74,26,0
2332,74,27,0
2333,74,28,0
2334,74,29,0
2335,74,30,0
2336,74,31,0
2337,74,32,0
2338,74,33,4
2339,74,34,4
2340,74,35,20
2341,74,36,16
2342,74,37,108
2343,74,38,11
2344,74,39,17
2345,74,40,0
2346,74,41,0
2347,74,42,0
2348,74,43,0
2349,74,44,0
2350,74,45,0
2351,74,46,0
2352,74,47,0
2353,74,48,0
2354,74,49,0
2355,74,50,1
2356,74,51,15
2357,74,52,11
2358,74,53,115
2359,74,54,363
2360,74,55,32
2361,74,56,2
2362,74,57,3
2363,74,58,0
2364,74,59,2
2365,74,60,24
2366,74,61,3
2367,74,62,10
2368,74,63,0
2369,74,64,0
2370,74,65,0
2371,74,66,2
2372,74,67,0
2373,74,68,0
2374,74,69,11
2375,74,70,0
2376,74,71,0
2377,74,72,0
2378,74,73,0
2379,74,74,0
2380,75,7,0
2381,75,8,0
2382,75,9,0
2383,75,10,0
2384,75,11,0
2385,75,12,0
2386,75,13,0
2387,75,14,0
2388,75,15,0
2389,75,16,0
2390,75,17,0
2391,75,18,2
2392,75,19,16
2393,75,20,2
2394,75,21,1
2395,75,22,0
2396,75,23,0
2397,75,24,0
2398,75,25,0
2399,75,26,11
2400,75,27,21
2401,75,28,0
2402,75,29,0
2403,75,30,8
2404,75,31,8
2405,75,32,0
2406,75,33,0
2407,75,34,27
2408,75,35,5
2409,75,36,14
2410,75,37,16
2411,75,38,39
2412,75,39,70
2413,75,40,16
2414,75,41,0
2415,75,42,0
2416,75,43,0
2417,75,44,1
2418,75,45,0
2419,75,46,0
2420,75,47,2
2421,75,48,0
2422,75,49,0
2423,75,50,0
2424,75,51,2
2425,75,52,14
2426,75,53,133
2427,75,54,140
2428,75,55,53
2429,75,56,6
2430,75,57,4
2431,75,58,2
2432,75,59,8
2433,75,60,0
2434,75,61,3
2435,75,62,0
2436,75,63,0
2437,75,64,0
2438,75,65,0
2439,75,66,0
2440,75,67,0
2441,75,68,0
2442,75,69,0
2443,75,70,0
2444,75,71,1
2445,75,72,0
2446,75,73,0
2447,75,74,0
2448,76,7,0
2449,76,8,0
2450,76,9,0
2451,76,10,0
2452,76,11,0
2453,76,12,0
2454,76,13,0
2455,76,14,0
2456,76,15,0
2457,76,16,0
2458,76,17,0
2459,76,18,0
2460,76,19,6
2461,76,20,0
2462,76,21,2
2463,76,22,0
2464,76,23,0
2465,76,24,0
2466,76,25,2
2467,76,26,6
2468,76,27,21
2469,76,28,3
2470,76,29,34
2471,76,30,54
2472,76,31,13
2473,76,32,1
2474,76,33,4
2475,76,34,85
2476,76,35,8
2477,76,36,12
2478,76,37,17
2479,76,38,118
2480,76,39,104
2481,76,40,13
2482,76,41,1
2483,76,42,0
2484,76,43,0
2485,76,44,0
2486,76,45,0
2487,76,46,0
2488,76,47,6
2489,76,48,5
2490,76,49,0
2491,76,50,0
2492,76,51,5
2493,76,52,0
2494,76,53,52
2495,76,54,76
2496,76,55,0
2497,76,56,0
2498,76,57,4
2499,76,58,0
2500,76,59,1
2501,76,60,0
2502,76,61,0
2503,76,62,0
2504,76,63,5
2505,76,64,0
2506,76,65,0
2507,76,66,0
2508,76,67,0
2509,76,68,0
2510,76,69,0
2511,76,70,0
2512,76,71,0
2513,76,72,0
2514,76,73,0
2515,76,74,0
2516,77,7,0
2517,77,8,0
2518,77,9,0
2519,77,10,0
2520,77,11,0
2521,77,12,0
2522,77,13,0
2523,77,14,0
2524,77,15,0
2525,77,16,1
2526,77,17,0
2527,77,18,0
2528,77,19,0
2529,77,20,87
2530,77,21,81
2531,77,22,4
2532,77,23,0
2533,77,24,8
2534,77,25,0
2535,77,26,0
2536,77,27,0
2537,77,28,3
2538,77,29,20
2539,77,30,30
2540,77,31,7
2541,77,32,0
2542,77,33,13
2543,77,34,25
2544,77,35,12
2545,77,36,43
2546,77,37,12
2547,77,38,190
2548,77,39,88
2549,77,40,14
2550,77,41,0
2551,77,42,0
2552,77,43,0
2553,77,44,0
2554,77,45,0
2555,77,46,0
2556,77,47,4
2557,77,48,0
2558,77,49,0
2559,77,50,0
2560,77,51,0
2561,77,52,4
2562,77,53,61
2563,77,54,17
2564,77,55,28
2565,77,56,6
2566,77,57,1
2567,77,58,0
2568,77,59,0
2569,77,60,0
2570,77,61,0
2571,77,62,0
2572,77,63,0
2573,77,64,0
2574,77,65,0
2575,77,66,0
2576,77,67,0
2577,77,68,0
2578,77,69,1
2579,77,70,0
2580,77,71,0
2581,77,72,4
2582,77,73,1
2583,77,74,0
2584,78,7,0
2585,78,8,0
2586,78,9,0
2587,78,10,0
2588,78,11,0
2589,78,12,0
2590,78,13,3
2591,78,14,8
2592,78,15,0
2593,78,16,0
2594,78,17,0
2595,78,18,9
2596,78,19,14
2597,78,20,52
2598,78,21,26
2599,78,22,6
2600,78,23,1
2601,78,24,1
2602,78,25,0
2603,78,26,0
2604,78,27,0
2605,78,28,0
2606,78,29,0
2607,78,30,2
2608,78,31,1
2609,78,32,20
2610,78,33,15
2611,78,34,2
2612,78,35,11
2613,78,36,107
2614,78,37,56
2615,78,38,59
2616,78,39,55
2617,78,40,3
2618,78,41,0
2619,78,42,21
2620,78,43,14
2621,78,44,0
2622,78,45,0
2623,78,46,0
2624,78,47,0
2625,78,48,0
2626,78,49,0
2627,78,50,0
2628,78,51,0
2629,78,52,0
2630,78,53,17
2631,78,54,23
2632,78,55,16
2633,78,56,0
2634,78,57,0
2635,78,58,0
2636,78,59,0
2637,78,60,4
2638,78,61,0
2639,78,62,0
2640,78,63,0
2641,78,64,1
2642,78,65,0
2643,78,66,0
2644,78,67,0
2645,78,68,0
2646,78,69,0
2647,78,70,0
2648,78,71,1
2649,78,72,0
2650,78,73,0
2651,78,74,1
2652,79,7,0
2653,79,8,0
2654,79,9,0
2655,79,10,0
2656,79,11,0
2657,79,12,0
2658,79,13,4
2659,79,14,0
2660,79,15,1
2661,79,16,0
2662,79,17,0
2663,79,18,4
2664,79,19,0
2665,79,20,5
2666,79,21,0
2667,79,22,0
2668,79,23,0
2669,79,24,3
2670,79,25,0
2671,79,26,2
2672,79,27,5
2673,79,28,24
2674,79,29,50
2675,79,30,118
2676,79,31,29
2677,79,32,8
2678,79,33,23
2679,79,34,4
2680,79,35,86
2681,79,36,10
2682,79,37,11
2683,79,38,63
2684,79,39,52
2685,79,40,6
2686,79,41,8
2687,79,42,11
2688,79,43,2
2689,79,44,18
2690,79,45,8
2691,79,46,0
2692,79,47,16
2693,79,48,43
2694,79,49,29
2695,79,50,10
2696,79,51,0
2697,79,52,0
2698,79,53,0
2699,79,54,0
2700,79,55,2
2701,79,56,0
2702,79,57,0
2703,79,58,0
2704,79,59,0
2705,79,60,0
2706,79,61,0
2707,79,62,0
2708,79,63,0
2709,79,64,0
2710,79,65,0
2711,79,66,0
2712,79,67,0
2713,79,68,0
2714,79,69,0
2715,79,70,0
2716,79,71,0
2717,79,72,0
2718,79,73,0
2719,79,74,0
2720,80,7,0
2721,80,8,0
2722,80,9,0
2723,80,10,0
2724,80,11,0
2725,80,12,0
2726,80,13,3
2727,80,14,0
2728,80,15,0
2729,80,16,0
2730,80,17,0
2731,80,18,0
2732,80,19,0
2733,80,20,0
2734,80,21,0
2735,80,22,0
2736,80,23,1
2737,80,24,0
2738,80,25,0
2739,80,26,0
2740,80,27,4
2741,80,28,58
2742,80,29,137
2743,80,30,179
2744,80,31,117
2745,80,32,3
2746,80,33,18
2747,80,34,35
2748,80,35,58
2749,80,36,8
2750,80,37,46
2751,80,38,105
2752,80,39,87
2753,80,40,99
2754,80,41,4
2755,80,42,0
2756,80,43,0
2757,80,44,7
2758,80,45,1
2759,80,46,4
2760,80,47,48
2761,80,48,30
2762,80,49,27
2763,80,50,50
2764,80,51,7
2765,80,52,0
2766,80,53,1
2767,80,54,6
2768,80,55,2
2769,80,56,4
2770,80,57,2
2771,80,58,0
2772,80,59,5
2773,80,60,3
2774,80,61,4
2775,80,62,0
2776,80,63,0
2777,80,64,0
2778,80,65,0
2779,80,66,0
2780,80,67,0
2781,80,68,0
2782,80,69,0
2783,80,70,0
2784,80,71,0
2785,80,72,0
2786,80,73,0
2787,80,74,0
2788,81,7,0
2789,81,8,0
2790,81,9,1
2791,81,10,0
2792,81,11,0
2793,81,12,0
2794,81,13,0
2795,81,14,0
2796,81,15,0
2797,81,16,0
2798,81,17,0
2799,81,18,0
2800,81,19,0
2801,81,20,0
2802,81,21,7
2803,81,22,0
2804,81,23,2
2805,81,24,4
2806,81,25,11
2807,81,26,0
2808,81,27,7
2809,81,28,17
2810,81,29,9
2811,81,30,6
2812,81,31,63
2813,81,32,133
2814,81,33,103
2815,81,34,55
2816,81,35,269
2817,81,36,49
2818,81,37,91
2819,81,38,175
2820,81,39,123
2821,81,40,59
2822,81,41,0
2823,81,42,24
2824,81,43,77
2825,81,44,75
2826,81,45,11
2827,81,46,3
2828,81,47,69
2829,81,48,26
2830,81,49,93
2831,81,50,0
2832,81,51,0
2833,81,52,0
2834,81,53,13
2835,81,54,14
2836,81,55,4
2837,81,56,33
2838,81,57,0
2839,81,58,0
2840,81,59,12
2841,81,60,0
2842,81,61,0
2843,81,62,0
2844,81,63,0
2845,81,64,0
2846,81,65,0
2847,81,66,0
2848,81,67,0
2849,81,68,0
2850,81,69,0
2851,81,70,0
2852,81,71,0
2853,81,72,0
2854,81,73,0
2855,81,74,0
2856,82,7,0
2857,82,8,0
2858,82,9,0
2859,82,10,0
2860,82,11,0
2861,82,12,0
2862,82,13,0
2863,82,14,0
2864,82,15,0
2865,82,16,0
2866,82,17,0
2867,82,18,0
2868,82,19,0
2869,82,20,2
2870,82,21,0
2871,82,22,4
2872,82,23,23
2873,82,24,19
2874,82,25,5
2875,82,26,10
2876,82,27,0
2877,82,28,0
2878,82,29,0
2879,82,30,7
2880,82,31,45
2881,82,32,153
2882,82,33,183
2883,82,34,109
2884,82,35,176
2885,82,36,127
2886,82,37,83
2887,82,38,144
2888,82,39,20
2889,82,40,13
2890,82,41,43
2891,82,42,202
2892,82,43,339
2893,82,44,89
2894,82,45,28
2895,82,46,84
2896,82,47,25
2897,82,48,40
2898,82,49,5
2899,82,50,0
2900,82,51,21
2901,82,52,1
2902,82,53,0
2903,82,54,33
2904,82,55,25
2905,82,56,82
2906,82,57,55
2907,82,58,15
2908,82,59,0
2909,82,60,3
2910,82,61,3
2911,82,62,0
2912,82,63,0
2913,82,64,0
2914,82,65,0
2915,82,66,0
2916,82,67,0
2917,82,68,3
2918,82,69,0
2919,82,70,4
2920,82,71,0
2921,82,72,0
2922,82,73,0
2923,82,74,0
2924,83,7,0
2925,83,8,0
2926,83,9,0
2927,83,10,0
2928,83,11,0
2929,83,12,0
2930,83,13,0
2931,83,14,0
2932,83,15,0
2933,83,16,0
2934,83,17,0
2935,83,18,0
2936,83,19,3
2937,83,20,16
2938,83,21,0
2939,83,22,13
2940,83,23,7
2941,83,24,5
2942,83,25,6
2943,83,26,27
2944,83,27,0
2945,83,28,0
2946,83,29,0
2947,83,30,0
2948,83,31,21
2949,83,32,104
2950,83,33,139
2951,83,34,51
2952,83,35,39
2953,83,36,166
2954,83,37,117
2955,83,38,128
2956,83,39,1
2957,83,40,308
2958,83,41,96
2959,83,42,51
2960,83,43,79
2961,83,44,72
2962,83,45,80
2963,83,46,67
2964,83,47,90
2965,83,48,149
2966,83,49,12
2967,83,50,2
2968,83,51,0
2969,83,52,3
2970,83,53,0
2971,83,54,22
2972,83,55,146
2973,83,56,266
2974,83,57,351
2975,83,58,20
2976,83,59,0
2977,83,60,0
2978,83,61,0
2979,83,62,0
2980,83,63,0
2981,83,64,0
2982,83,65,1
2983,83,66,1
2984,83,67,0
2985,83,68,0
2986,83,69,0
2987,83,70,0
2988,83,71,0
2989,83,72,0
2990,83,73,0
2991,83,74,2
2992,84,7,0
2993,84,8,0
2994,84,9,0
2995,84,10,0
2996,84,11,0
2997,84,12,0
2998,84,13,0
2999,84,14,0
3000,84,15,0
3001,84,16,0
3002,84,17,0
3003,84,18,0
3004,84,19,0
3005,84,20,1
3006,84,21,0
3007,84,22,2
3008,84,23,0
3009,84,24,0
3010,84,25,0
3011,84,26,0
3012,84,27,0
3013,84,28,0
3014,84,29,0
3015,84,30,0
3016,84,31,0
3017,84,32,35
3018,84,33,176
3019,84,34,82
3020,84,35,0
3021,84,36,71
3022,84,37,140
3023,84,38,121
3024,84,39,6
3025,84,40,0
3026,84,41,115
3027,84,42,54
3028,84,43,85
3029,84,44,57
3030,84,45,109
3031,84,46,164
3032,84,47,92
3033,84,48,120
3034,84,49,38
3035,84,50,91
3036,84,51,0
3037,84,52,0
3038,84,53,7
3039,84,54,29
3040,84,55,19
3041,84,56,97
3042,84,57,135
3043,84,58,14
3044,84,59,8
3045,84,60,0
3046,84,61,2
3047,84,62,0
3048,84,63,1
3049,84,64,0
3050,84,65,0
3051,84,66,0
3052,84,67,0
3053,84,68,3
3054,84,69,0
3055,84,70,0
3056,84,71,0
3057,84,72,0
3058,84,73,0
3059,84,74,0
3060,85,7,0
3061,85,8,0
3062,85,9,0
3063,85,10,0
3064,85,11,0
3065,85,12,0
3066,85,13,0
3067,85,14,0
3068,85,15,0
3069,85,16,0
3070,85,17,0
3071,85,18,0
3072,85,19,0
3073,85,20,0
3074,85,21,0
3075,85,22,0
3076,85,23,0
3077,85,24,0
3078,85,25,0
3079,85,26,0
3080,85,27,0
3081,85,28,0
3082,85,29,0
3083,85,30,0
3084,85,31,0
3085,85,32,119
3086,85,33,174
3087,85,34,91
3088,85,35,66
3089,85,36,181
3090,85,37,175
3091,85,38,129
3092,85,39,26
3093,85,40,330
3094,85,41,282
3095,85,42,36
3096,85,43,0
3097,85,44,80
3098,85,45,149
3099,85,46,223
3100,85,47,168
3101,85,48,93
3102,85,49,29
3103,85,50,26
3104,85,51,12
3105,85,52,0
3106,85,53,9
3107,85,54,19
3108,85,55,3
3109,85,56,10
3110,85,57,8
3111,85,58,6
3112,85,59,0
3113,85,60,0
3114,85,61,0
3115,85,62,4
3116,85,63,0
3117,85,64,0
3118,85,65,3
3119,85,66,0
3120,85,67,0
3121,85,68,0
3122,85,69,0
3123,85,70,0
3124,85,71,0
3125,85,72,0
3126,85,73,0
3127,85,74,0
3128,86,7,0
3129,86,8,0
3130,86,9,0
3131,86,10,0
3132,86,11,0
3133,86,12,0
3134,86,13,0
3135,86,14,0
3136,86,15,0
3137,86,16,0
3138,86,17,0
3139,86,18,2
3140,86,19,0
3141,86,20,3
3142,86,21,2
3143,86,22,0
3144,86,23,0
3145,86,24,0
3146,86,25,0
3147,86,26,0
3148,86,27,0
3149,86,28,0
3150,86,29,0
3151,86,30,0
3152,86,31,1
3153,86,32,263
3154,86,33,336
3155,86,34,145
3156,86,35,71
3157,86,36,82
3158,86,37,74
3159,86,38,110
3160,86,39,137
3161,86,40,44
3162,86,41,113
3163,86,42,41
3164,86,43,0
3165,86,44,97
3166,86,45,34
3167,86,46,146
3168,86,47,143
3169,86,48,81
3170,86,49,51
3171,86,50,35
3172,86,51,12
3173,86,52,15
3174,86,53,19
3175,86,54,6
3176,86,55,3
3177,86,56,4
3178,86,57,9
3179,86,58,10
3180,86,59,7
3181,86,60,4
3182,86,61,0
3183,86,62,7
3184,86,63,0
3185,86,64,1
3186,86,65,0
3187,86,66,7
3188,86,67,0
3189,86,68,1
3190,86,69,0
3191,86,70,1
3192,86,71,1
3193,86,72,0
3194,86,73,2
3195,86,74,0
3196,87,7,0
3197,87,8,0
3198,87,9,0
3199,87,10,0
3200,87,11,0
3201,87,12,0
3202,87,13,0
3203,87,14,0
3204,87,15,0
3205,87,16,0
3206,87,17,0
3207,87,18,1
3208,87,19,0
3209,87,20,5
3210,87,21,0
3211,87,22,0
3212,87,23,0
3213,87,24,0
3214,87,25,0
3215,87,26,0
3216,87,27,0
3217,87,28,0
3218,87,29,0
3219,87,30,0
3220,87,31,0
3221,87,32,107
3222,87,33,99
3223,87,34,120
3224,87,35,103
3225,87,36,167
3226,87,37,299
3227,87,38,253
3228,87,39,175
3229,87,40,277
3230,87,41,155
3231,87,42,104
3232,87,43,90
3233,87,44,182
3234,87,45,103
3235,87,46,67
3236,87,47,168
3237,87,48,98
3238,87,49,39
3239,87,50,98
3240,87,51,35
3241,87,52,23
3242,87,53,6
3243,87,54,1
3244,87,55,0
3245,87,56,22
3246,87,57,4
3247,87,58,4
3248,87,59,2
3249,87,60,0
3250,87,61,0
3251,87,62,0
3252,87,63,0
3253,87,64,0
3254,87,65,0
3255,87,66,0
3256,87,67,0
3257,87,68,0
3258,87,69,3
3259,87,70,0
3260,87,71,0
3261,87,72,0
3262,87,73,0
3263,87,74,0
3264,88,7,0
3265,88,8,0
3266,88,9,0
3267,88,10,0
3268,88,11,0
3269,88,12,0
3270,88,13,0
3271,88,14,0
3272,88,15,0
3273,88,16,0
3274,88,17,0
3275,88,18,0
3276,88,19,1
3277,88,20,3
3278,88,21,5
3279,88,22,1
3280,88,23,0
3281,88,24,0
3282,88,25,0
3283,88,26,0
3284,88,27,0
3285,88,28,0
3286,88,29,0
3287,88,30,18
3288,88,31,36
3289,88,32,56
3290,88,33,275
3291,88,34,138
3292,88,35,87
3293,88,36,220
3294,88,37,390
3295,88,38,273
3296,88,39,172
3297,88,40,325
3298,88,41,261
3299,88,42,172
3300,88,43,142
3301,88,44,297
3302,88,45,107
3303,88,46,84
3304,88,47,62
3305,88,48,105
3306,88,49,54
3307,88,50,83
3308,88,51,16
3309,88,52,0
3310,88,53,0
3311,88,54,0
3312,88,55,0
3313,88,56,0
3314,88,57,3
3315,88,58,0
3316,88,59,0
3317,88,60,0
3318,88,61,0
3319,88,62,0
3320,88,63,0
3321,88,64,0
3322,88,65,0
3323,88,66,0
3324,88,67,0
3325,88,68,0
3326,88,69,0
3327,88,70,0
3328,88,71,0
3329,88,72,0
3330,88,73,2
3331,88,74,0
3332,89,7,0
3333,89,8,0
3334,89,9,0
3335,89,10,0
3336,89,11,0
3337,89,12,0
3338,89,13,0
3339,89,14,0
3340,89,15,0
3341,89,16,0
3342,89,17,0
3343,89,18,0
3344,89,19,0
3345,89,20,0
3346,89,21,5
3347,89,22,0
3348,89,23,0
3349,89,24,0
3350,89,25,0
3351,89,26,0
3352,89,27,0
3353,89,28,0
3354,89,29,0
3355,89,30,21
3356,89,31,149
3357,89,32,282
3358,89,33,110
3359,89,34,190
3360,89,35,86
3361,89,36,167
3362,89,37,239
3363,89,38,182
3364,89,39,289
3365,89,40,239
3366,89,41,381
3367,89,42,244
3368,89,43,64
3369,89,44,162
3370,89,45,52
3371,89,46,8
3372,89,47,220
3373,89,48,96
3374,89,49,137
3375,89,50,11
3376,89,51,1
3377,89,52,0
3378,89,53,6
3379,89,54,0
3380,89,55,0
3381,89,56,0
3382,89,57,0
3383,89,58,0
3384,89,59,0
3385,89,60,0
3386,89,61,0
3387,89,62,0
3388,89,63,0
3389,89,64,0
3390,89,65,0
3391,89,66,0
3392,89,67,0
3393,89,68,0
3394,89,69,0
3395,89,70,0
3396,89,71,0
3397,89,72,0
3398,89,73,0
3399,89,74,0
3400,90,7,0
3401,90,8,0
3402,90,9,0
3403,90,10,0
3404,90,11,0
3405,90,12,0
3406,90,13,0
3407,90,14,0
3408,90,15,0
3409,90,16,0
3410,90,17,0
3411,90,18,0
3412,90,19,0
3413,90,20,0
3414,90,21,0
3415,90,22,1
3416,90,23,0
3417,90,24,0
3418,90,25,0
3419,90,26,4
3420,90,27,15
3421,90,28,0
3422,90,29,0
3423,90,30,46
3424,90,31,137
3425,90,32,199
3426,90,33,437
3427,90,34,264
3428,90,35,340
3429,90,36,368
3430,90,37,162
3431,90,38,212
3432,90,39,208
3433,90,40,149
3434,90,41,163
3435,90,42,246
3436,90,43,71
3437,90,44,156
3438,90,45,24
3439,90,46,30
3440,90,47,150
3441,90,48,138
3442,90,49,229
3443,90,50,14
3444,90,51,10
3445,90,52,0
3446,90,53,4
3447,90,54,2
3448,90,55,0
3449,90,56,36
3450,90,57,0
3451,90,58,9
3452,90,59,0
3453,90,60,0
3454,90,61,0
3455,90,62,1
3456,90,63,0
3457,90,64,0
3458,90,65,0
3459,90,66,0
3460,90,67,0
3461,90,68,0
3462,90,69,0
3463,90,70,0
3464,90,71,0
3465,90,72,0
3466,90,73,0
3467,90,74,0
3468,91,7,0
3469,91,8,0
3470,91,9,0
3471,91,10,0
3472,91,11,0
3473,91,12,0
3474,91,13,0
3475,91,14,0
3476,91,15,0
3477,91,16,0
3478,91,17,0
3479,91,18,0
3480,91,19,0
3481,91,20,0
3482,91,21,0
3483,91,22,0
3484,91,23,0
3485,91,24,10
3486,91,25,29
3487,91,26,16
3488,91,27,271
3489,91,28,206
3490,91,29,139
3491,91,30,175
3492,91,31,222
3493,91,32,143
3494,91,33,358
3495,91,34,542
3496,91,35,303
3497,91,36,315
3498,91,37,119
3499,91,38,19
3500,91,39,25
3501,91,40,151
3502,91,41,265
3503,91,42,381
3504,91,43,110
3505,91,44,36
3506,91,45,62
3507,91,46,213
3508,91,47,159
3509,91,48,111
3510,91,49,51
3511,91,50,29
3512,91,51,49
3513,91,52,15
3514,91,53,13
3515,91,54,0
3516,91,55,0
3517,91,56,0
3518,91,57,0
3519,91,58,0
3520,91,59,0
3521,91,60,0
3522,91,61,0
3523,91,62,0
3524,91,63,0
3525,91,64,0
3526,91,65,0
3527,91,66,0
3528,91,67,0
3529,91,68,0
3530,91,69,0
3531,91,70,0
3532,91,71,0
3533,91,72,0
3534,91,73,6
3535,91,74,0
3536,92,7,0
3537,92,8,0
3538,92,9,0
3539,92,10,0
3540,92,11,0
3541,92,12,0
3542,92,13,0
3543,92,14,0
3544,92,15,0
3545,92,16,0
3546,92,17,0
3547,92,18,0
3548,92,19,0
3549,92,20,0
3550,92,21,0
3551,92,22,0
3552,92,23,0
3553,92,24,12
3554,92,25,22
3555,92,26,194
3556,92,27,8
3557,92,28,55
3558,92,29,261
3559,92,30,330
3560,92,31,220
3561,92,32,140
3562,92,33,230
3563,92,34,614
3564,92,35,577
3565,92,36,454
3566,92,37,350
3567,92,38,269
3568,92,39,90
3569,92,40,139
3570,92,41,357
3571,92,42,230
3572,92,43,58
3573,92,44,46
3574,92,45,71
3575,92,46,119
3576,92,47,102
3577,92,48,78
3578,92,49,5
3579,92,50,36
3580,92,51,27
3581,92,52,20
3582,92,53,25
3583,92,54,43
3584,92,55,0
3585,92,56,0
3586,92,57,0
3587,92,58,23
3588,92,59,0
3589,92,60,0
3590,92,61,0
3591,92,62,0
3592,92,63,0
3593,92,64,0
3594,92,65,0
3595,92,66,0
3596,92,67,0
3597,92,68,0
3598,92,69,0
3599,92,70,0
3600,92,71,1
3601,92,72,0
3602,92,73,0
3603,92,74,0
3604,93,7,0
3605,93,8,0
3606,93,9,0
3607,93,10,0
3608,93,11,0
3609,93,12,0
3610,93,13,0
3611,93,14,0
3612,93,15,0
3613,93,16,0
3614,93,17,0
3615,93,18,0
3616,93,19,0
3617,93,20,0
3618,93,21,0
3619,93,22,0
3620,93,23,0
3621,93,24,0
3622,93,25,15
3623,93,26,27
3624,93,27,76
3625,93,28,273
3626,93,29,244
3627,93,30,180
3628,93,31,161
3629,93,32,51
3630,93,33,426
3631,93,34,828
3632,93,35,400
3633,93,36,619
3634,93,37,587
3635,93,38,267
3636,93,39,184
3637,93,40,380
3638,93,41,137
3639,93,42,103
3640,93,43,47
3641,93,44,52
3642,93,45,2
3643,93,46,111
3644,93,47,85
3645,93,48,77
3646,93,49,45
3647,93,50,34
3648,93,51,29
3649,93,52,0
3650,93,53,26
3651,93,54,0
3652,93,55,5
3653,93,56,40
3654,93,57,0
3655,93,58,0
3656,93,59,0
3657,93,60,0
3658,93,61,0
3659,93,62,0
3660,93,63,0
3661,93,64,0
3662,93,65,0
3663,93,66,0
3664,93,67,0
3665,93,68,0
3666,93,69,0
3667,93,70,0
3668,93,71,0
3669,93,72,0
3670,93,73,0
3671,93,74,0
3672,94,7,0
3673,94,8,0
3674,94,9,0
3675,94,10,0
3676,94,11,0
3677,94,12,0
3678,94,13,0
3679,94,14,0
3680,94,15,0
3681,94,16,0
3682,94,17,0
3683,94,18,0
3684,94,19,0
3685,94,20,0
3686,94,21,0
3687,94,22,0
3688,94,23,0
3689,94,24,0
3690,94,25,0
3691,94,26,0
3692,94,27,49
3693,94,28,201
3694,94,29,34
3695,94,30,176
3696,94,31,187
3697,94,32,200
3698,94,33,431
3699,94,34,327
3700,94,35,254
3701,94,36,192
3702,94,37,266
3703,94,38,355
3704,94,39,360
3705,94,40,369
3706,94,41,260
3707,94,42,426
3708,94,43,129
3709,94,44,95
3710,94,45,119
3711,94,46,75
3712,94,47,44
3713,94,48,41
3714,94,49,0
3715,94,50,4
3716,94,51,16
3717,94,52,5
3718,94,53,5
3719,94,54,10
3720,94,55,0
3721,94,56,0
3722,94,57,0
3723,94,58,0
3724,94,59,0
3725,94,60,0
3726,94,61,0
3727,94,62,0
3728,94,63,0
3729,94,64,0
3730,94,65,3
3731,94,66,0
3732,94,67,0
3733,94,68,0
3734,94,69,0
3735,94,70,0
3736,94,71,0
3737,94,72,0
3738,94,73,0
3739,94,74,0
3740,95,7,0
3741,95,8,0
3742,95,9,0
3743,95,10,0
3744,95,11,0
3745,95,12,0
3746,95,13,0
3747,95,14,0
3748,95,15,0
3749,95,16,0
3750,95,17,0
3751,95,18,0
3752,95,19,0
3753,95,20,0
3754,95,21,0
3755,95,22,0
3756,95,23,0
3757,95,24,0
3758,95,25,0
3759,95,26,0
3760,95,27,0
3761,95,28,0
3762,95,29,16
3763,95,30,66
3764,95,31,71
3765,95,32,325
3766,95,33,433
3767,95,34,520
3768,95,35,127
3769,95,36,185
3770,95,37,256
3771,95,38,316
3772,95,39,179
3773,95,40,417
3774,95,41,359
3775,95,42,288
3776,95,43,103
3777,95,44,104
3778,95,45,42
3779,95,46,84
3780,95,47,21
3781,95,48,2
3782,95,49,1
3783,95,50,5
3784,95,51,0
3785,95,52,16
3786,95,53,16
3787,95,54,32
3788,95,55,0
3789,95,56,0
3790,95,57,0
3791,95,58,0
3792,95,59,0
3793,95,60,0
3794,95,61,0
3795,95,62,0
3796,95,63,0
3797,95,64,0
3798,95,65,0
3799,95,66,2
3800,95,67,0
3801,95,68,0
3802,95,69,0
3803,95,70,0
3804,95,71,0
3805,95,72,0
3806,95,73,0
3807,95,74,0
3808,96,7,0
3809,96,8,0
3810,96,9,0
3811,96,10,0
3812,96,11,0
3813,96,12,0
3814,96,13,0
3815,96,14,0
3816,96,15,0
3817,96,16,0
3818,96,17,0
3819,96,18,0
3820,96,19,0
3821,96,20,0
3822,96,21,0
3823,96,22,0
3824,96,23,0
3825,96,24,0
3826,96,25,0
3827,96,26,2
3828,96,27,0
3829,96,28,0
3830,96,29,0
3831,96,30,29
3832,96,31,102
3833,96,32,214
3834,96,33,421
3835,96,34,205
3836,96,35,11
3837,96,36,40
3838,96,37,152
3839,96,38,265
3840,96,39,554
3841,96,40,333
3842,96,41,210
3843,96,42,223
3844,96,43,27
3845,96,44,103
3846,96,45,62
3847,96,46,252
3848,96,47,47
3849,96,48,2
3850,96,49,7
3851,96,50,2
3852,96,51,0
3853,96,52,0
3854,96,53,0
3855,96,54,14
3856,96,55,5
3857,96,56,0
3858,96,57,6
3859,96,58,0
3860,96,59,16
3861,96,60,0
3862,96,61,0
3863,96,62,0
3864,96,63,0
3865,96,64,0
3866,96,65,0
3867,96,66,0
3868,96,67,0
3869,96,68,0
3870,96,69,0
3871,96,70,0
3872,96,71,1
3873,96,72,0
3874,96,73,0
3875,96,74,0
3876,97,7,0
3877,97,8,0
3878,97,9,0
3879,97,10,0
3880,97,11,0
3881,97,12,0
3882,97,13,0
3883,97,14,0
3884,97,15,0
3885,97,16,0
3886,97,17,0
3887,97,18,0
3888,97,19,0
3889,97,20,0
3890,97,21,0
3891,97,22,0
3892,97,23,0
3893,97,24,0
3894,97,25,0
3895,97,26,0
3896,97,27,3
3897,97,28,0
3898,97,29,13
3899,97,30,0
3900,97,31,125
3901,97,32,126
3902,97,33,288
3903,97,34,127
3904,97,35,3
3905,97,36,9
3906,97,37,217
3907,97,38,255
3908,97,39,206
3909,97,40,358
3910,97,41,324
3911,97,42,86
3912,97,43,52
3913,97,44,57
3914,97,45,32
3915,97,46,167
3916,97,47,61
3917,97,48,37
3918,97,49,40
3919,97,50,38
3920,97,51,15
3921,97,52,5
3922,97,53,81
3923,97,54,42
3924,97,55,23
3925,97,56,0
3926,97,57,0
3927,97,58,0
3928,97,59,0
3929,97,60,0
3930,97,61,0
3931,97,62,0
3932,97,63,0
3933,97,64,0
3934,97,65,0
3935,97,66,0
3936,97,67,0
3937,97,68,5
3938,97,69,0
3939,97,70,0
3940,97,71,0
3941,97,72,0
3942,97,73,0
3943,97,74,0
3944,98,7,0
3945,98,8,0
3946,98,9,0
3947,98,10,0
3948,98,11,0
3949,98,12,0
3950,98,13,0
3951,98,14,0
3952,98,15,0
3953,98,16,0
3954,98,17,0
3955,98,18,0
3956,98,19,0
3957,98,20,0
3958,98,21,0
3959,98,22,0
3960,98,23,0
3961,98,24,0
3962,98,25,0
3963,98,26,0
3964,98,27,0
3965,98,28,0
3966,98,29,0
3967,98,30,65
3968,98,31,61
3969,98,32,111
3970,98,33,235
3971,98,34,75
3972,98,35,9
3973,98,36,30
3974,98,37,182
3975,98,38,186
3976,98,39,0
3977,98,40,144
3978,98,41,449
3979,98,42,209
3980,98,43,7
3981,98,44,0
3982,98,45,172
3983,98,46,219
3984,98,47,77
3985,98,48,93
3986,98,49,0
3987,98,50,104
3988,98,51,80
3989,98,52,149
3990,98,53,216
3991,98,54,158
3992,98,55,69
3993,98,56,14
3994,98,57,0
3995,98,58,0
3996,98,59,4
3997,98,60,0
3998,98,61,21
3999,98,62,5
4000,98,63,1
4001,98,64,0
4002,98,65,0
4003,98,66,10
4004,98,67,0
4005,98,68,0
4006,98,69,0
4007,98,70,0
4008,98,71,0
4009,98,72,0
4010,98,73,0
4011,98,74,0
4012,99,7,0
4013,99,8,0
4014,99,9,0
4015,99,10,0
4016,99,11,0
4017,99,12,0
4018,99,13,0
4019,99,14,0
4020,99,15,0
4021,99,16,0
4022,99,17,0
4023,99,18,0
4024,99,19,0
4025,99,20,0
4026,99,21,0
4027,99,22,0
4028,99,23,0
4029,99,24,0
4030,99,25,0
4031,99,26,0
4032,99,27,0
4033,99,28,1
4034,99,29,1
4035,99,30,91
4036,99,31,44
4037,99,32,102
4038,99,33,298
4039,99,34,98
4040,99,35,0
4041,99,36,0
4042,99,37,34
4043,99,38,47
4044,99,39,4
4045,99,40,7
4046,99,41,262
4047,99,42,103
4048,99,43,22
4049,99,44,171
4050,99,45,36
4051,99,46,44
4052,99,47,31
4053,99,48,8
4054,99,49,27
4055,99,50,11
4056,99,51,5
4057,99,52,96
4058,99,53,90
4059,99,54,314
4060,99,55,99
4061,99,56,33
4062,99,57,0
4063,99,58,11
4064,99,59,0
4065,99,60,10
4066,99,61,116
4067,99,62,31
4068,99,63,30
4069,99,64,5
4070,99,65,15
4071,99,66,0
4072,99,67,4
4073,99,68,8
4074,99,69,0
4075,99,70,0
4076,99,71,0
4077,99,72,0
4078,99,73,0
4079,99,74,0
4080,100,7,0
4081,100,8,0
4082,100,9,0
4083,100,10,0
4084,100,11,0
4085,100,12,0
4086,100,13,0
4087,100,14,0
4088,100,15,0
4089,100,16,0
4090,100,17,0
4091,100,18,0
4092,100,19,0
4093,100,20,0
4094,100,21,0
4095,100,22,0
4096,100,23,0
4097,100,24,0
4098,100,25,0
4099,100,26,0
4100,100,27,0
4101,100,28,0
4102,100,29,32
4103,100,30,2
4104,100,31,0
4105,100,32,183
4106,100,33,200
4107,100,34,54
4108,100,35,0
4109,100,36,0
4110,100,37,0
4111,100,38,0
4112,100,39,24
4113,100,40,87
4114,100,41,107
4115,100,42,11
4116,100,43,0
4117,100,44,0
4118,100,45,10
4119,100,46,81
4120,100,47,5
4121,100,48,18
4122,100,49,7
4123,100,50,5
4124,100,51,21
4125,100,52,22
4126,100,53,28
4127,100,54,18
4128,100,55,57
4129,100,56,27
4130,100,57,0
4131,100,58,0
4132,100,59,30
4133,100,60,57
4134,100,61,241
4135,100,62,61
4136,100,63,20
4137,100,64,0
4138,100,65,0
4139,100,66,0
4140,100,67,0
4141,100,68,0
4142,100,69,0
4143,100,70,0
4144,100,71,0
4145,100,72,0
4146,100,73,0
4147,100,74,0
4148,101,7,0
4149,101,8,0
4150,101,9,0
4151,101,10,0
4152,101,11,0
4153,101,12,0
4154,101,13,0
4155,101,14,0
4156,101,15,0
4157,101,16,0
4158,101,17,0
4159,101,18,0
4160,101,19,0
4161,101,20,0
4162,101,21,0
4163,101,22,0
4164,101,23,0
4165,101,24,0
4166,101,25,0
4167,101,26,0
4168,101,27,0
4169,101,28,0
4170,101,29,1
4171,101,30,0
4172,101,31,0
4173,101,32,9
4174,101,33,3
4175,101,34,4
4176,101,35,0
4177,101,36,5
4178,101,37,0
4179,101,38,87
4180,101,39,4
4181,101,40,12
4182,101,41,20
4183,101,42,20
4184,101,43,6
4185,101,44,52
4186,101,45,59
4187,101,46,50
4188,101,47,88
4189,101,48,11
4190,101,49,11
4191,101,50,22
4192,101,51,14
4193,101,52,13
4194,101,53,5
4195,101,54,13
4196,101,55,29
4197,101,56,0
4198,101,57,0
4199,101,58,4
4200,101,59,0
4201,101,60,18
4202,101,61,45
4203,101,62,92
4204,101,63,15
4205,101,64,0
4206,101,65,0
4207,101,66,0
4208,101,67,0
4209,101,68,0
4210,101,69,0
4211,101,70,0
4212,101,71,0
4213,101,72,0
4214,101,73,1
4215,101,74,1
4216,102,7,0
4217,102,8,0
4218,102,9,0
4219,102,10,0
4220,102,11,0
4221,102,12,0
4222,102,13,0
4223,102,14,0
4224,102,15,0
4225,102,16,0
4226,102,17,0
4227,102,18,0
4228,102,19,0
4229,102,20,0
4230,102,21,0
4231,102,22,0
4232,102,23,0
4233,102,24,0
4234,102,25,0
4235,102,26,0
4236,102,27,0
4237,102,28,0
4238,102,29,0
4239,102,30,0
4240,102,31,27
4241,102,32,13
4242,102,33,5
4243,102,34,11
4244,102,35,1
4245,102,36,0
4246,102,37,0
4247,102,38,0
4248,102,39,41
4249,102,40,24
4250,102,41,0
4251,102,42,0
4252,102,43,5
4253,102,44,14
4254,102,45,224
4255,102,46,66
4256,102,47,16
4257,102,48,19
4258,102,49,0
4259,102,50,13
4260,102,51,22
4261,102,52,0
4262,102,53,8
4263,102,54,0
4264,102,55,14
4265,102,56,0
4266,102,57,0
4267,102,58,0
4268,102,59,0
4269,102,60,4
4270,102,61,41
4271,102,62,8
4272,102,63,0
4273,102,64,8
4274,102,65,0
4275,102,66,0
4276,102,67,0
4277,102,68,0
4278,102,69,0
4279,102,70,0
4280,102,71,0
4281,102,72,0
4282,102,73,0
4283,102,74,0
4284,103,7,0
4285,103,8,0
4286,103,9,0
4287,103,10,0
4288,103,11,0
4289,103,12,0
4290,103,13,0
4291,103,14,0
4292,103,15,0
4293,103,16,0
4294,103,17,0
4295,103,18,0
4296,103,19,0
4297,103,20,0
4298,103,21,0
4299,103,22,0
4300,103,23,0
4301,103,24,0
4302,103,25,0
4303,103,26,0
4304,103,27,0
4305,103,28,0
4306,103,29,0
4307,103,30,21
4308,103,31,37
4309,103,32,4
4310,103,33,1
4311,103,34,4
4312,103,35,0
4313,103,36,0
4314,103,37,0
4315,103,38,22
4316,103,39,10
4317,103,40,0
4318,103,41,0
4319,103,42,0
4320,103,43,0
4321,103,44,0
4322,103,45,70
4323,103,46,91
4324,103,47,36
4325,103,48,5
4326,103,49,0
4327,103,50,4
4328,103,51,8
4329,103,52,0
4330,103,53,0
4331,103,54,0
4332,103,55,0
4333,103,56,0
4334,103,57,1
4335,103,58,0
4336,103,59,0
4337,103,60,0
4338,103,61,0
4339,103,62,0
4340,103,63,24
4341,103,64,0
4342,103,65,0
4343,103,66,0
4344,103,67,0
4345,103,68,0
4346,103,69,0
4347,103,70,1
4348,103,71,0
4349,103,72,0
4350,103,73,0
4351,103,74,0
4352,104,7,0
4353,104,8,0
4354,104,9,0
4355,104,10,0
4356,104,11,0
4357,104,12,0
4358,104,13,0
4359,104,14,0
4360,104,15,0
4361,104,16,0
4362,104,17,0
4363,104,18,0
4364,104,19,0
4365,104,20,0
4366,104,21,0
4367,104,22,0
4368,104,23,0
4369,104,24,0
4370,104,25,0
4371,104,26,0
4372,104,27,0
4373,104,28,0
4374,104,29,0
4375,104,30,53
4376,104,31,19
4377,104,32,9
4378,104,33,0
4379,104,34,0
4380,104,35,0
4381,104,36,0
4382,104,37,0
4383,104,38,0
4384,104,39,16
4385,104,40,5
4386,104,41,2
4387,104,42,6
4388,104,43,7
4389,104,44,11
4390,104,45,15
4391,104,46,37
4392,104,47,46
4393,104,48,0
4394,104,49,0
4395,104,50,0
4396,104,51,0
4397,104,52,0
4398,104,53,0
4399,104,54,0
4400,104,55,0
4401,104,56,0
4402,104,57,0
4403,104,58,1
4404,104,59,1
4405,104,60,0
4406,104,61,27
4407,104,62,0
4408,104,63,0
4409,104,64,19
4410,104,65,0
4411,104,66,1
4412,104,67,0
4413,104,68,0
4414,104,69,0
4415,104,70,0
4416,104,71,0
4417,104,72,0
4418,104,73,0
4419,104,74,0
4420,105,7,0
4421,105,8,0
4422,105,9,0
4423,105,10,0
4424,105,11,0
4425,105,12,0
4426,105,13,0
4427,105,14,0
4428,105,15,0
4429,105,16,0
4430,105,17,0
4431,105,18,0
4432,105,19,0
4433,105,20,0
4434,105,21,0
4435,105,22,0
4436,105,23,0
4437,105,24,0
4438,105,25,0
4439,105,26,0
4440,105,27,0
4441,105,28,0
4442,105,29,0
4443,105,30,7
4444,105,31,31
4445,105,32,13
4446,105,33,5
4447,105,34,0
4448,105,35,0
4449,105,36,0
4450,105,37,0
4451,105,38,0
4452,105,39,0
4453,105,40,0
4454,105,41,0
4455,105,42,2
4456,105,43,7
4457,105,44,26
4458,105,45,35
4459,105,46,2
4460,105,47,0
4461,105,48,3
4462,105,49,0
4463,105,50,0
4464,105,51,0
4465,105,52,0
4466,105,53,0
4467,105,54,0
4468,105,55,0
4469,105,56,0
4470,105,57,0
4471,105,58,0
4472,105,59,0
4473,105,60,0
4474,105,61,0
4475,105,62,0
4476,105,63,0
4477,105,64,0
4478,105,65,0
4479,105,66,0
4480,105,67,0
4481,105,68,0
4482,105,69,0
4483,105,70,0
4484,105,71,0
4485,105,72,1
4486,105,73,0
4487,105,74,0
4488,106,7,0
4489,106,8,0
4490,106,9,0
4491,106,10,0
4492,106,11,0
4493,106,12,0
4494,106,13,0
4495,106,14,0
4496,106,15,0
4497,106,16,0
4498,106,17,0
4499,106,18,0
4500,106,19,0
4501,106,20,0
4502,106,21,0
4503,106,22,0
4504,106,23,0
4505,106,24,0
4506,106,25,0
4507,106,26,0
4508,106,27,0
4509,106,28,0
4510,106,29,0
4511,106,30,35
4512,106,31,42
4513,106,32,13
4514,106,33,1
4515,106,34,0
4516,106,35,0
4517,106,36,0
4518,106,37,0
4519,106,38,0
4520,106,39,0
4521,106,40,4
4522,106,41,33
4523,106,42,2
4524,106,43,11
4525,106,44,0
4526,106,45,17
4527,106,46,0
4528,106,47,8
4529,106,48,0
4530,106,49,1
4531,106,50,0
4532,106,51,0
4533,106,52,0
4534,106,53,0
4535,106,54,0
4536,106,55,0
4537,106,56,0
4538,106,57,0
4539,106,58,0
4540,106,59,2
4541,106,60,0
4542,106,61,0
4543,106,62,14
4544,106,63,0
4545,106,64,10
4546,106,65,0
4547,106,66,1
4548,106,67,0
4549,106,68,0
4550,106,69,0
4551,106,70,0
4552,106,71,0
4553,106,72,0
4554,106,73,0
4555,106,74,0
4556,107,7,0
4557,107,8,0
4558,107,9,0
4559,107,10,0
4560,107,11,0
4561,107,12,0
4562,107,13,0
4563,107,14,0
4564,107,15,0
4565,107,16,0
4566,107,17,0
4567,107,18,0
4568,107,19,0
4569,107,20,0
4570,107,21,0
4571,107,22,0
4572,107,23,0
4573,107,24,0
4574,107,25,0
4575,107,26,0
4576,107,27,0
4577,107,28,0
4578,107,29,0
4579,107,30,8
4580,107,31,209
4581,107,32,33
4582,107,33,5
4583,107,34,0
4584,107,35,0
4585,107,36,0
4586,107,37,2
4587,107,38,0
4588,107,39,9
4589,107,40,34
4590,107,41,50
4591,107,42,5
4592,107,43,9
4593,107,44,4
4594,107,45,0
4595,107,46,0
4596,107,47,0
4597,107,48,0
4598,107,49,4
4599,107,50,17
4600,107,51,18
4601,107,52,0
4602,107,53,0
4603,107,54,0
4604,107,55,0
4605,107,56,0
4606,107,57,0
4607,107,58,0
4608,107,59,0
4609,107,60,0
4610,107,61,0
4611,107,62,0
4612,107,63,0
4613,107,64,0
4614,107,65,0
4615,107,66,0
4616,107,67,0
4617,107,68,0
4618,107,69,0
4619,107,70,0
4620,107,71,0
4621,107,72,0
4622,107,73,0
4623,107,74,0
4624,108,7,0
4625,108,8,0
4626,108,9,0
4627,108,10,0
4628,108,11,0
4629,108,12,0
4630,108,13,0
4631,108,14,0
4632,108,15,0
4633,108,16,0
4634,108,17,0
4635,108,18,0
4636,108,19,0
4637,108,20,0
4638,108,21,0
4639,108,22,0
4640,108,23,0
4641,108,24,0
4642,108,25,0
4643,108,26,0
4644,108,27,0
4645,108,28,0
4646,108,29,0
4647,108,30,1
4648,108,31,135
4649,108,32,78
4650,108,33,9
4651,108,34,0
4652,108,35,0
4653,108,36,1
4654,108,37,0
4655,108,38,2
4656,108,39,0
4657,108,40,0
4658,108,41,23
4659,108,42,38
4660,108,43,0
4661,108,44,0
4662,108,45,119
4663,108,46,0
4664,108,47,0
4665,108,48,0
4666,108,49,2
4667,108,50,8
4668,108,51,0
4669,108,52,0
4670,108,53,0
4671,108,54,0
4672,108,55,0
4673,108,56,0
4674,108,57,0
4675,108,58,0
4676,108,59,0
4677,108,60,0
4678,108,61,0
4679,108,62,0
4680,108,63,0
4681,108,64,0
4682,108,65,5
4683,108,66,0
4684,108,67,3
4685,108,68,0
4686,108,69,0
4687,108,70,0
4688,108,71,0
4689,108,72,0
4690,108,73,0
4691,108,74,0
4692,109,7,0
4693,109,8,0
4694,109,9,0
4695,109,10,0
4696,109,11,0
4697,109,12,0
4698,109,13,0
4699,109,14,0
4700,109,15,0
4701,109,16,0
4702,109,17,0
4703,109,18,0
4704,109,19,0
4705,109,20,0
4706,109,21,0
4707,109,22,0
4708,109,23,0
4709,109,24,0
4710,109,25,0
4711,109,26,0
4712,109,27,0
4713,109,28,0
4714,109,29,0
4715,109,30,0
4716,109,31,102
4717,109,32,27
4718,109,33,0
4719,109,34,9
4720,109,35,0
4721,109,36,0
4722,109,37,19
4723,109,38,20
4724,109,39,25
4725,109,40,105
4726,109,41,0
4727,109,42,36
4728,109,43,27
4729,109,44,0
4730,109,45,0
4731,109,46,0
4732,109,47,0
4733,109,48,0
4734,109,49,3
4735,109,50,13
4736,109,51,0
4737,109,52,0
4738,109,53,0
4739,109,54,0
4740,109,55,0
4741,109,56,0
4742,109,57,0
4743,109,58,0
4744,109,59,0
4745,109,60,0
4746,109,61,0
4747,109,62,13
4748,109,63,0
4749,109,64,0
4750,109,65,0
4751,109,66,0
4752,109,67,0
4753,109,68,0
4754,109,69,0
4755,109,70,0
4756,109,71,0
4757,109,72,1
4758,109,73,0
4759,109,74,0
4760,110,7,0
4761,110,8,0
4762,110,9,0
4763,110,10,0
4764,110,11,0
4765,110,12,0
4766,110,13,0
4767,110,14,0
4768,110,15,0
4769,110,16,0
4770,110,17,0
4771,110,18,0
4772,110,19,0
4773,110,20,0
4774,110,21,0
4775,110,22,0
4776,110,23,0
4777,110,24,0
4778,110,25,0
4779,110,26,0
4780,110,27,0
4781,110,28,0
4782,110,29,0
4783,110,30,0
4784,110,31,0
4785,110,32,0
4786,110,33,0
4787,110,34,0
4788,110,35,0
4789,110,36,0
4790,110,37,5
4791,110,38,37
4792,110,39,55
4793,110,40,29
4794,110,41,0
4795,110,42,0
4796,110,43,0
4797,110,44,4
4798,110,45,3
4799,110,46,3
4800,110,47,0
4801,110,48,0
4802,110,49,20
4803,110,50,20
4804,110,51,0
4805,110,52,0
4806,110,53,0
4807,110,54,0
4808,110,55,0
4809,110,56,0
4810,110,57,0
4811,110,58,0
4812,110,59,0
4813,110,60,0
4814,110,61,0
4815,110,62,0
4816,110,63,14
4817,110,64,0
4818,110,65,0
4819,110,66,0
4820,110,67,0
4821,110,68,0
4822,110,69,0
4823,110,70,0
4824,110,71,0
4825,110,72,0
4826,110,73,0
4827,110,74,0
4828,111,7,0
4829,111,8,0
4830,111,9,0
4831,111,10,0
4832,111,11,0
4833,111,12,0
4834,111,13,0
4835,111,14,0
4836,111,15,0
4837,111,16,0
4838,111,17,0
4839,111,18,0
4840,111,19,0
4841,111,20,0
4842,111,21,0
4843,111,22,0
4844,111,23,0
4845,111,24,0
4846,111,25,0
4847,111,26,0
4848,111,27,0
4849,111,28,0
4850,111,29,0
4851,111,30,0
4852,111,31,0
4853,111,32,0
4854,111,33,0
4855,111,34,0
4856,111,35,0
4857,111,36,0
4858,111,37,0
4859,111,38,0
4860,111,39,12
4861,111,40,0
4862,111,41,0
4863,111,42,0
4864,111,43,0
4865,111,44,2
4866,111,45,8
4867,111,46,0
4868,111,47,4
4869,111,48,1
4870,111,49,35
4871,111,50,12
4872,111,51,0
4873,111,52,13
4874,111,53,0
4875,111,54,0
4876,111,55,0
4877,111,56,0
4878,111,57,0
4879,111,58,0
4880,111,59,0
4881,111,60,0
4882,111,61,0
4883,111,62,0
4884,111,63,0
4885,111,64,0
4886,111,65,0
4887,111,66,5
4888,111,67,0
4889,111,68,1
4890,111,69,0
4891,111,70,0
4892,111,71,0
4893,111,72,0
4894,111,73,0
4895,111,74,0
4896,112,7,0
4897,112,8,0
4898,112,9,0
4899,112,10,0
4900,112,11,0
4901,112,12,0
4902,112,13,0
4903,112,14,0
4904,112,15,0
4905,112,16,0
4906,112,17,0
4907,112,18,0
4908,112,19,0
4909,112,20,0
4910,112,21,0
4911,112,22,0
4912,112,23,0
4913,112,24,0
4914,112,25,0
4915,112,26,0
4916,112,27,0
4917,112,28,0
4918,112,29,0
4919,112,30,0
4920,112,31,0
4921,112,32,0
4922,112,33,0
4923,112,34,0
4924,112,35,0
4925,112,36,0
4926,112,37,0
4927,112,38,0
4928,112,39,0
4929,112,40,0
4930,112,41,0
4931,112,42,0
4932,112,43,0
4933,112,44,1
4934,112,45,34
4935,112,46,6
4936,112,47,0
4937,112,48,0
4938,112,49,0
4939,112,50,0
4940,112,51,16
4941,112,52,0
4942,112,53,3
4943,112,54,0
4944,112,55,0
4945,112,56,0
4946,112,57,0
4947,112,58,0
4948,112,59,0
4949,112,60,0
4950,112,61,0
4951,112,62,0
4952,112,63,3
4953,112,64,0
4954,112,65,3
4955,112,66,0
4956,112,67,0
4957,112,68,0
4958,112,69,0
4959,112,70,0
4960,112,71,0
4961,112,72,0
4962,112,73,0
4963,112,74,0
4964,113,7,0
4965,113,8,0
4966,113,9,0
4967,113,10,0
4968,113,11,0
4969,113,12,0
4970,113,13,0
4971,113,14,0
4972,113,15,0
4973,113,16,0
4974,113,17,0
4975,113,18,0
4976,113,19,0
4977,113,20,0
4978,113,21,0
4979,113,22,0
4980,113,23,0
4981,113,24,0
4982,113,25,0
4983,113,26,0
4984,113,27,0
4985,113,28,0
4986,113,29,0
4987,113,30,0
4988,113,31,0
4989,113,32,0
4990,113,33,0
4991,113,34,0
4992,113,35,0
4993,113,36,0
4994,113,37,0
4995,113,38,0
4996,113,39,0
4997,113,40,0
4998,113,41,0
4999,113,42,0
5000,113,43,0
5001,113,44,0
5002,113,45,6
5003,113,46,9
5004,113,47,18
5005,113,48,0
5006,113,49,18
5007,113,50,0
5008,113,51,0
5009,113,52,0
5010,113,53,0
5011,113,54,0
5012,113,55,0
5013,113,56,0
5014,113,57,0
5015,113,58,0
5016,113,59,0
5017,113,60,0
5018,113,61,0
5019,113,62,0
5020,113,63,0
5021,113,64,0
5022,113,65,0
5023,113,66,0
5024,113,67,11
5025,113,68,0
5026,113,69,0
5027,113,70,0
5028,113,71,0
5029,113,72,0
5030,113,73,0
5031,113,74,0
5032,114,7,0
5033,114,8,0
5034,114,9,0
5035,114,10,0
5036,114,11,0
5037,114,12,0
5038,114,13,0
5039,114,14,0
5040,114,15,0
5041,114,16,0
5042,114,17,0
5043,114,18,0
5044,114,19,0
5045,114,20,0
5046,114,21,0
5047,114,22,0
5048,114,23,0
5049,114,24,0
5050,114,25,0
5051,114,26,0
5052,114,27,0
5053,114,28,0
5054,114,29,0
5055,114,30,0
5056,114,31,0
5057,114,32,0
5058,114,33,0
5059,114,34,0
5060,114,35,0
5061,114,36,0
5062,114,37,0
5063,114,38,0
5064,114,39,0
5065,114,40,0
5066,114,41,0
5067,114,42,0
5068,114,43,0
5069,114,44,0
5070,114,45,0
5071,114,46,0
5072,114,47,0
5073,114,48,0
5074,114,49,0
5075,114,50,0
5076,114,51,0
5077,114,52,0
5078,114,53,0
5079,114,54,0
5080,114,55,0
5081,114,56,0
5082,114,57,0
5083,114,58,0
5084,114,59,0
5085,114,60,0
5086,114,61,0
5087,114,62,0
5088,114,63,4
5089,114,64,0
5090,114,65,0
5091,114,66,6
5092,114,67,0
5093,114,68,0
5094,114,69,0
5095,114,70,0
5096,114,71,0
5097,114,72,0
5098,114,73,0
5099,114,74,0
5100,115,7,0
5101,115,8,0
5102,115,9,0
5103,115,10,0
5104,115,11,0
5105,115,12,0
5106,115,13,0
5107,115,14,0
5108,115,15,0
5109,115,16,0
5110,115,17,0
5111,115,18,0
5112,115,19,0
5113,115,20,0
5114,115,21,0
5115,115,22,0
5116,115,23,0
5117,115,24,0
5118,115,25,0
5119,115,26,0
5120,115,27,0
5121,115,28,0
5122,115,29,0
5123,115,30,0
5124,115,31,0
5125,115,32,0
5126,115,33,0
5127,115,34,0
5128,115,35,0
5129,115,36,0
5130,115,37,0
5131,115,38,0
5132,115,39,0
5133,115,40,0
5134,115,41,0
5135,115,42,0
5136,115,43,0
5137,115,44,0
5138,115,45,0
5139,115,46,0
5140,115,47,0
5141,115,48,0
5142,115,49,0
5143,115,50,0
5144,115,51,0
5145,115,52,0
5146,115,53,0
5147,115,54,0
5148,115,55,0
5149,115,56,0
5150,115,57,0
5151,115,58,0
5152,115,59,0
5153,115,60,0
5154,115,61,0
5155,115,62,0
5156,115,63,0
5157,115,64,0
5158,115,65,12
5159,115,66,0
5160,115,67,0
5161,115,68,0
5162,115,69,0
5163,115,70,0
5164,115,71,0
5165,115,72,0
5166,115,73,0
5167,115,74,0
5168,116,7,0
5169,116,8,0
5170,116,9,0
5171,116,10,0
5172,116,11,0
5173,116,12,0
5174,116,13,0
5175,116,14,0
5176,116,15,0
5177,116,16,0
5178,116,17,0
5179,116,18,0
5180,116,19,0
5181,116,20,0
5182,116,21,0
5183,116,22,0
5184,116,23,0
5185,116,24,0
5186,116,25,0
5187,116,26,0
5188,116,27,0
5189,116,28,0
5190,116,29,0
5191,116,30,0
5192,116,31,0
5193,116,32,0
5194,116,33,0
5195,116,34,0
5196,116,35,0
5197,116,36,0
5198,116,37,0
5199,116,38,0
5200,116,39,0
5201,116,40,0
5202,116,41,0
5203,116,42,0
5204,116,43,0
5205,116,44,0
5206,116,45,0
5207,116,46,0
5208,116,47,0
5209,116,48,0
5210,116,49,0
5211,116,50,0
5212,116,51,0
5213,116,52,0
5214,116,53,0
5215,116,54,0
5216,116,55,0
5217,116,56,0
5218,116,57,0
5219,116,58,0
5220,116,59,0
5221,116,60,0
5222,116,61,0
5223,116,62,0
5224,116,63,0
5225,116,64,0
5226,116,65,0
5227,116,66,0
5228,116,67,0
5229,116,68,0
5230,116,69,0
5231,116,70,0
5232,116,71,0
5233,116,72,0
5234,116,73,0
5235,116,74,0
